-- Table for ingredients
CREATE TABLE IF NOT EXISTS ingredient (
    id SERIAL PRIMARY KEY,
    name VARCHAR(255),
    uuid VARCHAR(36) UNIQUE,
    unit VARCHAR(50)
);

-- Table for recipes
CREATE TABLE IF NOT EXISTS recipe (
    id SERIAL PRIMARY KEY,
    name VARCHAR(255)
);

-- Many-to-Many relationship between recipes and ingredients
CREATE TABLE IF NOT EXISTS recipe_ingredient (
    recipe_id INT REFERENCES recipe(id) ON DELETE CASCADE,
    ingredient_id INT REFERENCES ingredient(id) ON DELETE CASCADE,
    PRIMARY KEY (recipe_id, ingredient_id)
);

-- Table for addresses
CREATE TABLE IF NOT EXISTS address (
    id SERIAL PRIMARY KEY,
    name VARCHAR(255),
    street VARCHAR(255),
    postal_code VARCHAR(20)
);

-- Table for customers
CREATE TABLE IF NOT EXISTS customer (
    id SERIAL PRIMARY KEY,
    address_id INT REFERENCES address(id) ON DELETE CASCADE
);

-- Table for ingredient batches
CREATE TABLE IF NOT EXISTS ingredient_batch (
    id SERIAL PRIMARY KEY,
    ingredient_id INT REFERENCES ingredient(id) ON DELETE CASCADE,
    delivery_date DATE,
    expiration_date DATE,
    amount INT,
    supplier VARCHAR(255)
);

-- Table for deliveries
CREATE TABLE IF NOT EXISTS delivery (
    id SERIAL PRIMARY KEY,
    customer_id INT REFERENCES customer(id) ON DELETE CASCADE,
    recipe_id INT REFERENCES recipe(id) ON DELETE CASCADE,
    ingredient_batch_id INT REFERENCES ingredient_batch(id) ON DELETE CASCADE,
    delivery_date DATE
);

DELETE FROM ingredient;
DELETE FROM recipe;
DELETE FROM recipe_ingredient;
DELETE FROM ingredient_batch;
DELETE FROM customer;
DELETE FROM address;
DELETE FROM delivery;


INSERT INTO ingredient (id, name, uuid, unit) VALUES (1000, 'carrot', '871e6f1c-61db-4a4f-88b7-6985f07273de', 'pcs');
INSERT INTO ingredient (id, name, uuid, unit) VALUES (1001, 'tomato', '1e41eb68-900c-4721-a585-fbdcb484f387', 'pcs');
INSERT INTO ingredient (id, name, uuid, unit) VALUES (1002, 'cucumber', 'd056b0fe-5909-4933-8e05-d84229d2b949', 'pcs');
INSERT INTO ingredient (id, name, uuid, unit) VALUES (1003, 'zucchini', '65f396b7-f549-456d-be7f-71ed208042c7', 'pcs');
INSERT INTO ingredient (id, name, uuid, unit) VALUES (1004, 'cauliflower', 'b6f4d8af-3306-4a7f-a50f-111f491c2fe3', 'pcs');
INSERT INTO ingredient (id, name, uuid, unit) VALUES (1005, 'eggplant', 'f00548af-0ba5-4047-b6bd-d3cde336fde9', 'pcs');
INSERT INTO ingredient (id, name, uuid, unit) VALUES (1006, 'weisswurst', '78d29d46-e5dd-4f73-911d-d9a31e626948', 'pcs');
INSERT INTO ingredient (id, name, uuid, unit) VALUES (1007, 'flour', 'beded781-a4f6-42c0-98d5-e85218761d40', 'g');
INSERT INTO ingredient (id, name, uuid, unit) VALUES (1008, 'cream', 'c1c5dd5e-1358-4eec-8395-3f3d0e26addf', 'g');
INSERT INTO ingredient (id, name, uuid, unit) VALUES (1009, 'basil', '4729de3f-87e6-4fdc-834a-759c4a47fde3', 'g');
INSERT INTO ingredient (id, name, uuid, unit) VALUES (1010, 'beans', '74c78f18-e347-4af5-a2fe-ae2afe2462d9', 'g');
INSERT INTO ingredient (id, name, uuid, unit) VALUES (1011, 'lentils', 'f6552e50-cbb1-4d1d-b327-0431b23b6700', 'g');
INSERT INTO ingredient (id, name, uuid, unit) VALUES (1012, 'parsley', 'e54753e0-5000-4a7e-8774-75e3a8215479', 'g');
INSERT INTO ingredient (id, name, uuid, unit) VALUES (1013, 'chickpeas', 'b2cd60f8-1a5d-4397-beed-2068147b9aa6', 'g');
INSERT INTO ingredient (id, name, uuid, unit) VALUES (1014, 'potatos', 'e29ffb3a-c6c2-44c8-b2ea-3a443a62ae05', 'g');
INSERT INTO ingredient (id, name, uuid, unit) VALUES (1015, 'basmati rice', '94bbdc02-fa82-4271-9326-44bfad520582', 'g');
INSERT INTO ingredient (id, name, uuid, unit) VALUES (1016, 'parmiggiano', '5e82ae14-d637-4e4b-9f7f-e4d2e3bac2a1', 'g');
INSERT INTO ingredient (id, name, uuid, unit) VALUES (1017, 'mozzarella', 'd9c378c8-7fbe-4468-bdb2-685c16519c51', 'g');
INSERT INTO ingredient (id, name, uuid, unit) VALUES (1018, 'wild rice', '26bd5fff-7121-4f49-a9a9-93377b3fe7b5', 'g');
INSERT INTO ingredient (id, name, uuid, unit) VALUES (1019, 'jasmine rice', 'c6764518-2060-4f9d-ad73-abd6c5007dcb', 'g');
INSERT INTO ingredient (id, name, uuid, unit) VALUES (1020, 'tagliatelle', 'd7484887-3a9c-4bdf-8062-a6df3788b50d', 'g');
INSERT INTO ingredient (id, name, uuid, unit) VALUES (1021, 'fettuccini', 'dc4df8ba-4198-41ce-af63-70fd0f9948c2', 'g');
INSERT INTO ingredient (id, name, uuid, unit) VALUES (1022, 'pak choi', '3296e36a-75df-4042-bcfa-b36b6a6fc925', 'g');
INSERT INTO address (id, name, street, postal_code) VALUES (1, 'Kara Walker', '69652 Sydney Creek', '46245');
INSERT INTO address (id, name, street, postal_code) VALUES (2, 'Mary Soto', '8966 Dawn Meadows Suite 535', '74802');
INSERT INTO address (id, name, street, postal_code) VALUES (3, 'Tyler Walls', '2157 Kimberly Stream Suite 078', '19096');
INSERT INTO address (id, name, street, postal_code) VALUES (4, 'Ryan Villanueva', '86957 Campbell Rest Suite 491', '90331');
INSERT INTO address (id, name, street, postal_code) VALUES (5, 'William Bailey', '505 Park Branch Apt. 764', '87816');
INSERT INTO address (id, name, street, postal_code) VALUES (6, 'Edwin Montoya', '1291 Patterson Road Suite 523', '53668');
INSERT INTO address (id, name, street, postal_code) VALUES (7, 'Ian Smith', '52875 Brown Skyway', '32465');
INSERT INTO address (id, name, street, postal_code) VALUES (8, 'Kara Chapman', '486 Crystal Junction', '89949');
INSERT INTO address (id, name, street, postal_code) VALUES (9, 'Tara Williams', '69293 Parker Rapids Suite 159', '95105');
INSERT INTO address (id, name, street, postal_code) VALUES (10, 'Jordan Crawford', '877 Daniel Locks', '31268');
INSERT INTO address (id, name, street, postal_code) VALUES (11, 'Brian Morrison', '43680 Jonathan Mission', '80324');
INSERT INTO address (id, name, street, postal_code) VALUES (12, 'Kathryn West', '8644 Wells Mountains Suite 888', '14966');
INSERT INTO address (id, name, street, postal_code) VALUES (13, 'Ashley Simpson', '4096 West Parkways Apt. 633', '65029');
INSERT INTO address (id, name, street, postal_code) VALUES (14, 'Brandy Davila', '1143 Brent Hill Apt. 625', '35041');
INSERT INTO address (id, name, street, postal_code) VALUES (15, 'Mary Henry', '298 Dennis Locks', '78423');
INSERT INTO address (id, name, street, postal_code) VALUES (16, 'Gary Hunt', '9223 James Pine', '66243');
INSERT INTO address (id, name, street, postal_code) VALUES (17, 'Christopher Wright', '864 Matthew Coves', '56394');
INSERT INTO address (id, name, street, postal_code) VALUES (18, 'Matthew Park', '662 Cooke Turnpike Apt. 452', '59525');
INSERT INTO address (id, name, street, postal_code) VALUES (19, 'Kelsey Anderson', '2528 William Port', '05072');
INSERT INTO address (id, name, street, postal_code) VALUES (20, 'Alejandro Simon', '5385 Lisa Plaza Apt. 209', '58065');
INSERT INTO address (id, name, street, postal_code) VALUES (21, 'Benjamin Mendoza', '825 Bullock Run Apt. 392', '93986');
INSERT INTO address (id, name, street, postal_code) VALUES (22, 'Joseph Medina', '9483 Mary Spring', '01297');
INSERT INTO address (id, name, street, postal_code) VALUES (23, 'Jessica Wilson', '307 Shawn Inlet Apt. 340', '87055');
INSERT INTO address (id, name, street, postal_code) VALUES (24, 'Bailey Davis', '162 Hill Meadows Suite 210', '97303');
INSERT INTO address (id, name, street, postal_code) VALUES (25, 'Jo Anderson', '9632 Black Roads', '17991');
INSERT INTO address (id, name, street, postal_code) VALUES (26, 'Walter Waters', '22172 West Lake', '35644');
INSERT INTO address (id, name, street, postal_code) VALUES (27, 'Russell West', '26392 Benjamin Expressway Suite 457', '29853');
INSERT INTO address (id, name, street, postal_code) VALUES (28, 'Heather Nelson', '1129 Robert Courts Apt. 523', '46444');
INSERT INTO address (id, name, street, postal_code) VALUES (29, 'Maria Jensen', '867 Lindsey Drive Apt. 915', '08730');
INSERT INTO address (id, name, street, postal_code) VALUES (30, 'Marie Gill', '618 Bryan Ranch Suite 127', '33309');
INSERT INTO address (id, name, street, postal_code) VALUES (31, 'Wendy Sullivan', '855 Jennifer Gardens', '49960');
INSERT INTO address (id, name, street, postal_code) VALUES (32, 'Kelly Johnson', '61474 Todd Forest', '94677');
INSERT INTO address (id, name, street, postal_code) VALUES (33, 'Dr. Hannah Mendez', '44133 Lee Pine Apt. 371', '58638');
INSERT INTO address (id, name, street, postal_code) VALUES (34, 'Bridget Brown', '984 Hampton Meadows Apt. 979', '73592');
INSERT INTO address (id, name, street, postal_code) VALUES (35, 'Dr. Timothy Smith', '4753 Katelyn Rapids Suite 677', '18541');
INSERT INTO address (id, name, street, postal_code) VALUES (36, 'Lisa Smith', '63784 Anthony Ramp', '61368');
INSERT INTO address (id, name, street, postal_code) VALUES (37, 'Rachel Howard', '94672 Jeanne Glens', '98527');
INSERT INTO address (id, name, street, postal_code) VALUES (38, 'Todd Mcmahon', '627 Phillip Inlet', '20997');
INSERT INTO address (id, name, street, postal_code) VALUES (39, 'Caitlin Rivas', '471 Shannon Coves Apt. 667', '38941');
INSERT INTO address (id, name, street, postal_code) VALUES (40, 'Dr. Larry Owens', '166 Susan Ferry Apt. 581', '77846');
INSERT INTO address (id, name, street, postal_code) VALUES (41, 'Douglas Barry', '10406 Simon Views Suite 267', '78517');
INSERT INTO address (id, name, street, postal_code) VALUES (42, 'Elijah Yates', '4090 Henry Trail Suite 217', '80595');
INSERT INTO address (id, name, street, postal_code) VALUES (43, 'Michael Stephens', '1419 Bell Pine', '30624');
INSERT INTO address (id, name, street, postal_code) VALUES (44, 'Craig Hernandez', '898 Justin Pass', '02549');
INSERT INTO address (id, name, street, postal_code) VALUES (45, 'Meredith Adkins', '0634 Elizabeth Rapids Apt. 311', '29800');
INSERT INTO address (id, name, street, postal_code) VALUES (46, 'Dawn Martinez', '0763 Kristy Meadows', '53152');
INSERT INTO address (id, name, street, postal_code) VALUES (47, 'Brittany Cowan', '251 Jackson Rapids Apt. 241', '38438');
INSERT INTO address (id, name, street, postal_code) VALUES (48, 'Reginald Castaneda', '2722 Lee Garden', '83214');
INSERT INTO address (id, name, street, postal_code) VALUES (49, 'Emily Wilson', '251 James Springs', '64250');
INSERT INTO address (id, name, street, postal_code) VALUES (50, 'Jennifer Pratt', '9828 Nicole Junction Apt. 027', '41571');
INSERT INTO address (id, name, street, postal_code) VALUES (51, 'Harry Romero', '599 Dana Island', '49708');
INSERT INTO address (id, name, street, postal_code) VALUES (52, 'Brandy Greene', '3838 Robert Burgs', '49243');
INSERT INTO address (id, name, street, postal_code) VALUES (53, 'Kelsey Hammond', '068 Cynthia Harbors', '82340');
INSERT INTO address (id, name, street, postal_code) VALUES (54, 'Kelsey Henry', '8544 Katrina Isle Apt. 131', '47467');
INSERT INTO address (id, name, street, postal_code) VALUES (55, 'Audrey Holland', '23237 Jessica Summit Suite 261', '08124');
INSERT INTO address (id, name, street, postal_code) VALUES (56, 'Scott Rodriguez', '701 Charles Port Apt. 576', '57828');
INSERT INTO address (id, name, street, postal_code) VALUES (57, 'Jonathan Casey', '129 David Trail Apt. 714', '17443');
INSERT INTO address (id, name, street, postal_code) VALUES (58, 'Miss Kimberly Krueger', '2341 Arnold Causeway', '07693');
INSERT INTO address (id, name, street, postal_code) VALUES (59, 'Yvonne Harper', '6623 Ricky Causeway', '87904');
INSERT INTO address (id, name, street, postal_code) VALUES (60, 'Grant Hall', '80722 Martinez Freeway Suite 959', '03844');
INSERT INTO address (id, name, street, postal_code) VALUES (61, 'Raymond Lawson', '592 Kelly Spurs', '16031');
INSERT INTO address (id, name, street, postal_code) VALUES (62, 'Andrew King', '3834 Collins Tunnel Suite 547', '77695');
INSERT INTO address (id, name, street, postal_code) VALUES (63, 'Larry Burnett', '5987 Parker Dam', '47996');
INSERT INTO address (id, name, street, postal_code) VALUES (64, 'Jason Garrison', '881 Lopez Courts', '44524');
INSERT INTO address (id, name, street, postal_code) VALUES (65, 'Daisy Alexander', '02236 Compton Forks Suite 512', '21047');
INSERT INTO address (id, name, street, postal_code) VALUES (66, 'Thomas Holland', '213 Alejandro Prairie Apt. 075', '20771');
INSERT INTO address (id, name, street, postal_code) VALUES (67, 'Kristina Frazier', '719 Lara Land', '67427');
INSERT INTO address (id, name, street, postal_code) VALUES (68, 'Carlos Hayes', '856 Lucas Stravenue Apt. 535', '92301');
INSERT INTO address (id, name, street, postal_code) VALUES (69, 'Brandon Jones', '71213 Smith Ridge Apt. 301', '69368');
INSERT INTO address (id, name, street, postal_code) VALUES (70, 'Jennifer Valencia', '840 Brown Mountains Suite 917', '71316');
INSERT INTO address (id, name, street, postal_code) VALUES (71, 'Ronald Martinez', '42210 Davidson Stream', '26693');
INSERT INTO address (id, name, street, postal_code) VALUES (72, 'Alicia Salazar', '990 Jennifer Overpass', '71127');
INSERT INTO address (id, name, street, postal_code) VALUES (73, 'Julie Maxwell', '749 Bryan Junctions', '07875');
INSERT INTO address (id, name, street, postal_code) VALUES (74, 'Derek Mcdaniel', '943 Johnson Field', '87641');
INSERT INTO address (id, name, street, postal_code) VALUES (75, 'Phillip Nielsen', '26410 Ramirez Hills', '60931');
INSERT INTO address (id, name, street, postal_code) VALUES (76, 'Bradley Dougherty', '465 Martinez Light', '38873');
INSERT INTO address (id, name, street, postal_code) VALUES (77, 'Ryan Schmidt', '207 Lee Brooks Suite 116', '26310');
INSERT INTO address (id, name, street, postal_code) VALUES (78, 'Daniel Arellano', '12805 Wells Dam', '54602');
INSERT INTO address (id, name, street, postal_code) VALUES (79, 'Crystal Avila', '95596 Gallegos Rue', '88450');
INSERT INTO address (id, name, street, postal_code) VALUES (80, 'Shelley Lopez', '4932 Henderson Meadows Suite 431', '86812');
INSERT INTO address (id, name, street, postal_code) VALUES (81, 'Paul Jacobs DDS', '498 Webb Cape Apt. 037', '79981');
INSERT INTO address (id, name, street, postal_code) VALUES (82, 'Richard Mayo', '23199 Timothy Heights Apt. 852', '18701');
INSERT INTO address (id, name, street, postal_code) VALUES (83, 'April Bell', '1443 Park Extensions Suite 943', '25604');
INSERT INTO address (id, name, street, postal_code) VALUES (84, 'Lori Burgess', '66467 Ford Path Apt. 518', '22043');
INSERT INTO address (id, name, street, postal_code) VALUES (85, 'Evan Spencer', '4655 Rachel Plains', '72178');
INSERT INTO address (id, name, street, postal_code) VALUES (86, 'Patrick Ritter', '664 Allen River Suite 110', '60250');
INSERT INTO address (id, name, street, postal_code) VALUES (87, 'Todd Cruz', '32636 Matthew Inlet Suite 005', '55170');
INSERT INTO address (id, name, street, postal_code) VALUES (88, 'Karl Jackson', '370 Davis Dale', '38257');
INSERT INTO address (id, name, street, postal_code) VALUES (89, 'Joshua Anderson', '69408 Kemp Pine', '06225');
INSERT INTO address (id, name, street, postal_code) VALUES (90, 'Hannah Little', '941 Owens View', '98037');
INSERT INTO address (id, name, street, postal_code) VALUES (91, 'Colleen Hernandez MD', '9405 White Plaza Apt. 921', '47709');
INSERT INTO address (id, name, street, postal_code) VALUES (92, 'Sharon Webb', '51435 Powell Trace', '05740');
INSERT INTO address (id, name, street, postal_code) VALUES (93, 'Michael Brewer', '4913 Collins Flats', '99546');
INSERT INTO address (id, name, street, postal_code) VALUES (94, 'Eric Gutierrez', '258 April Locks Suite 673', '38757');
INSERT INTO address (id, name, street, postal_code) VALUES (95, 'Randall Blair', '76429 Rangel Brook Suite 269', '97869');
INSERT INTO address (id, name, street, postal_code) VALUES (96, 'Bianca Jones', '8025 Douglas Brook', '27174');
INSERT INTO address (id, name, street, postal_code) VALUES (97, 'Bradley Mora', '53707 Michael Ways Suite 994', '08293');
INSERT INTO address (id, name, street, postal_code) VALUES (98, 'Charles Sanchez', '7443 Curtis Corners Apt. 551', '91956');
INSERT INTO address (id, name, street, postal_code) VALUES (99, 'Paula Weber', '81594 Robles Plains', '04858');
INSERT INTO address (id, name, street, postal_code) VALUES (100, 'William Carey', '46287 Emily Lights Suite 967', '13972');
INSERT INTO customer (id, address_id) VALUES (1, 1);
INSERT INTO customer (id, address_id) VALUES (2, 2);
INSERT INTO customer (id, address_id) VALUES (3, 3);
INSERT INTO customer (id, address_id) VALUES (4, 4);
INSERT INTO customer (id, address_id) VALUES (5, 5);
INSERT INTO customer (id, address_id) VALUES (6, 6);
INSERT INTO customer (id, address_id) VALUES (7, 7);
INSERT INTO customer (id, address_id) VALUES (8, 8);
INSERT INTO customer (id, address_id) VALUES (9, 9);
INSERT INTO customer (id, address_id) VALUES (10, 10);
INSERT INTO customer (id, address_id) VALUES (11, 11);
INSERT INTO customer (id, address_id) VALUES (12, 12);
INSERT INTO customer (id, address_id) VALUES (13, 13);
INSERT INTO customer (id, address_id) VALUES (14, 14);
INSERT INTO customer (id, address_id) VALUES (15, 15);
INSERT INTO customer (id, address_id) VALUES (16, 16);
INSERT INTO customer (id, address_id) VALUES (17, 17);
INSERT INTO customer (id, address_id) VALUES (18, 18);
INSERT INTO customer (id, address_id) VALUES (19, 19);
INSERT INTO customer (id, address_id) VALUES (20, 20);
INSERT INTO customer (id, address_id) VALUES (21, 21);
INSERT INTO customer (id, address_id) VALUES (22, 22);
INSERT INTO customer (id, address_id) VALUES (23, 23);
INSERT INTO customer (id, address_id) VALUES (24, 24);
INSERT INTO customer (id, address_id) VALUES (25, 25);
INSERT INTO customer (id, address_id) VALUES (26, 26);
INSERT INTO customer (id, address_id) VALUES (27, 27);
INSERT INTO customer (id, address_id) VALUES (28, 28);
INSERT INTO customer (id, address_id) VALUES (29, 29);
INSERT INTO customer (id, address_id) VALUES (30, 30);
INSERT INTO customer (id, address_id) VALUES (31, 31);
INSERT INTO customer (id, address_id) VALUES (32, 32);
INSERT INTO customer (id, address_id) VALUES (33, 33);
INSERT INTO customer (id, address_id) VALUES (34, 34);
INSERT INTO customer (id, address_id) VALUES (35, 35);
INSERT INTO customer (id, address_id) VALUES (36, 36);
INSERT INTO customer (id, address_id) VALUES (37, 37);
INSERT INTO customer (id, address_id) VALUES (38, 38);
INSERT INTO customer (id, address_id) VALUES (39, 39);
INSERT INTO customer (id, address_id) VALUES (40, 40);
INSERT INTO customer (id, address_id) VALUES (41, 41);
INSERT INTO customer (id, address_id) VALUES (42, 42);
INSERT INTO customer (id, address_id) VALUES (43, 43);
INSERT INTO customer (id, address_id) VALUES (44, 44);
INSERT INTO customer (id, address_id) VALUES (45, 45);
INSERT INTO customer (id, address_id) VALUES (46, 46);
INSERT INTO customer (id, address_id) VALUES (47, 47);
INSERT INTO customer (id, address_id) VALUES (48, 48);
INSERT INTO customer (id, address_id) VALUES (49, 49);
INSERT INTO customer (id, address_id) VALUES (50, 50);
INSERT INTO customer (id, address_id) VALUES (51, 51);
INSERT INTO customer (id, address_id) VALUES (52, 52);
INSERT INTO customer (id, address_id) VALUES (53, 53);
INSERT INTO customer (id, address_id) VALUES (54, 54);
INSERT INTO customer (id, address_id) VALUES (55, 55);
INSERT INTO customer (id, address_id) VALUES (56, 56);
INSERT INTO customer (id, address_id) VALUES (57, 57);
INSERT INTO customer (id, address_id) VALUES (58, 58);
INSERT INTO customer (id, address_id) VALUES (59, 59);
INSERT INTO customer (id, address_id) VALUES (60, 60);
INSERT INTO customer (id, address_id) VALUES (61, 61);
INSERT INTO customer (id, address_id) VALUES (62, 62);
INSERT INTO customer (id, address_id) VALUES (63, 63);
INSERT INTO customer (id, address_id) VALUES (64, 64);
INSERT INTO customer (id, address_id) VALUES (65, 65);
INSERT INTO customer (id, address_id) VALUES (66, 66);
INSERT INTO customer (id, address_id) VALUES (67, 67);
INSERT INTO customer (id, address_id) VALUES (68, 68);
INSERT INTO customer (id, address_id) VALUES (69, 69);
INSERT INTO customer (id, address_id) VALUES (70, 70);
INSERT INTO customer (id, address_id) VALUES (71, 71);
INSERT INTO customer (id, address_id) VALUES (72, 72);
INSERT INTO customer (id, address_id) VALUES (73, 73);
INSERT INTO customer (id, address_id) VALUES (74, 74);
INSERT INTO customer (id, address_id) VALUES (75, 75);
INSERT INTO customer (id, address_id) VALUES (76, 76);
INSERT INTO customer (id, address_id) VALUES (77, 77);
INSERT INTO customer (id, address_id) VALUES (78, 78);
INSERT INTO customer (id, address_id) VALUES (79, 79);
INSERT INTO customer (id, address_id) VALUES (80, 80);
INSERT INTO customer (id, address_id) VALUES (81, 81);
INSERT INTO customer (id, address_id) VALUES (82, 82);
INSERT INTO customer (id, address_id) VALUES (83, 83);
INSERT INTO customer (id, address_id) VALUES (84, 84);
INSERT INTO customer (id, address_id) VALUES (85, 85);
INSERT INTO customer (id, address_id) VALUES (86, 86);
INSERT INTO customer (id, address_id) VALUES (87, 87);
INSERT INTO customer (id, address_id) VALUES (88, 88);
INSERT INTO customer (id, address_id) VALUES (89, 89);
INSERT INTO customer (id, address_id) VALUES (90, 90);
INSERT INTO customer (id, address_id) VALUES (91, 91);
INSERT INTO customer (id, address_id) VALUES (92, 92);
INSERT INTO customer (id, address_id) VALUES (93, 93);
INSERT INTO customer (id, address_id) VALUES (94, 94);
INSERT INTO customer (id, address_id) VALUES (95, 95);
INSERT INTO customer (id, address_id) VALUES (96, 96);
INSERT INTO customer (id, address_id) VALUES (97, 97);
INSERT INTO customer (id, address_id) VALUES (98, 98);
INSERT INTO customer (id, address_id) VALUES (99, 99);
INSERT INTO customer (id, address_id) VALUES (100, 100);
INSERT INTO recipe (id, name) VALUES (1, 'Soup West Richardview Style');
INSERT INTO recipe (id, name) VALUES (2, 'Nigeria Shakshuka');
INSERT INTO recipe (id, name) VALUES (3, 'Curry a la Andrew');
INSERT INTO recipe (id, name) VALUES (4, 'Pan Laneside Style');
INSERT INTO recipe (id, name) VALUES (5, 'Menu a la Anne');
INSERT INTO recipe (id, name) VALUES (6, 'Uzbekistan Pan');
INSERT INTO recipe (id, name) VALUES (7, 'Belarus Eintopf');
INSERT INTO recipe (id, name) VALUES (8, 'Soup Owensside Style');
INSERT INTO recipe (id, name) VALUES (9, 'Eintopf a la Maureen');
INSERT INTO recipe (id, name) VALUES (10, 'Menu North Amanda Style');
INSERT INTO recipe (id, name) VALUES (11, 'Curry Blankenshipland Style');
INSERT INTO recipe (id, name) VALUES (12, 'Pan Ashleyview Style');
INSERT INTO recipe (id, name) VALUES (13, 'Carters Ratatouille');
INSERT INTO recipe (id, name) VALUES (14, 'Kyrgyz Republic Soup');
INSERT INTO recipe (id, name) VALUES (15, 'Curry a la James');
INSERT INTO recipe (id, name) VALUES (16, 'Browns Soup');
INSERT INTO recipe (id, name) VALUES (17, 'Ghana Eintopf');
INSERT INTO recipe (id, name) VALUES (18, 'Cummingss Pan');
INSERT INTO recipe (id, name) VALUES (19, 'Eintopf South Brandon Style');
INSERT INTO recipe (id, name) VALUES (20, 'Hungary Creme');
INSERT INTO recipe (id, name) VALUES (21, 'Svalbard & Jan Mayen Islands Ratatouille');
INSERT INTO recipe (id, name) VALUES (22, 'Brauns Ratatouille');
INSERT INTO recipe (id, name) VALUES (23, 'Acostas Ratatouille');
INSERT INTO recipe (id, name) VALUES (24, 'Lawrences Pan');
INSERT INTO recipe (id, name) VALUES (25, 'Pan a la Martin');
INSERT INTO recipe (id, name) VALUES (26, 'Japan Creme');
INSERT INTO recipe (id, name) VALUES (27, 'Romania Eintopf');
INSERT INTO recipe (id, name) VALUES (28, 'Cayman Islands Eintopf');
INSERT INTO recipe (id, name) VALUES (29, 'Israel Eintopf');
INSERT INTO recipe (id, name) VALUES (30, 'Guatemala Soup');
INSERT INTO recipe (id, name) VALUES (31, 'Shakshuka a la Helen');
INSERT INTO recipe (id, name) VALUES (32, 'Germany Shakshuka');
INSERT INTO recipe (id, name) VALUES (33, 'Curry a la Shelby');
INSERT INTO recipe (id, name) VALUES (34, 'Shakshuka a la Nathaniel');
INSERT INTO recipe (id, name) VALUES (35, 'Wilsons Stew');
INSERT INTO recipe (id, name) VALUES (36, 'Jacksons Menu');
INSERT INTO recipe (id, name) VALUES (37, 'Soup Port Jessicatown Style');
INSERT INTO recipe (id, name) VALUES (38, 'Shakshuka Steelehaven Style');
INSERT INTO recipe (id, name) VALUES (39, 'Saint Helena Creme');
INSERT INTO recipe (id, name) VALUES (40, 'Shakshuka a la Mark');
INSERT INTO recipe (id, name) VALUES (41, 'Stew a la Kristin');
INSERT INTO recipe (id, name) VALUES (42, 'Ratatouille a la Emily');
INSERT INTO recipe (id, name) VALUES (43, 'Taiwan Creme');
INSERT INTO recipe (id, name) VALUES (44, 'Menu a la Zachary');
INSERT INTO recipe (id, name) VALUES (45, 'Pan Nolanport Style');
INSERT INTO recipe (id, name) VALUES (46, 'Menu a la Christina');
INSERT INTO recipe (id, name) VALUES (47, 'Robertss Menu');
INSERT INTO recipe (id, name) VALUES (48, 'Stew a la Danielle');
INSERT INTO recipe (id, name) VALUES (49, 'Mauritius Eintopf');
INSERT INTO recipe (id, name) VALUES (50, 'Menu a la Felicia');
INSERT INTO recipe_ingredient (recipe_id, ingredient_id) VALUES (1, '1021');
INSERT INTO recipe_ingredient (recipe_id, ingredient_id) VALUES (1, '1017');
INSERT INTO recipe_ingredient (recipe_id, ingredient_id) VALUES (1, '1005');
INSERT INTO recipe_ingredient (recipe_id, ingredient_id) VALUES (1, '1000');
INSERT INTO recipe_ingredient (recipe_id, ingredient_id) VALUES (1, '1019');
INSERT INTO recipe_ingredient (recipe_id, ingredient_id) VALUES (1, '1016');
INSERT INTO recipe_ingredient (recipe_id, ingredient_id) VALUES (1, '1014');
INSERT INTO recipe_ingredient (recipe_id, ingredient_id) VALUES (1, '1015');
INSERT INTO recipe_ingredient (recipe_id, ingredient_id) VALUES (2, '1005');
INSERT INTO recipe_ingredient (recipe_id, ingredient_id) VALUES (2, '1016');
INSERT INTO recipe_ingredient (recipe_id, ingredient_id) VALUES (2, '1002');
INSERT INTO recipe_ingredient (recipe_id, ingredient_id) VALUES (2, '1004');
INSERT INTO recipe_ingredient (recipe_id, ingredient_id) VALUES (2, '1019');
INSERT INTO recipe_ingredient (recipe_id, ingredient_id) VALUES (2, '1018');
INSERT INTO recipe_ingredient (recipe_id, ingredient_id) VALUES (3, '1009');
INSERT INTO recipe_ingredient (recipe_id, ingredient_id) VALUES (3, '1013');
INSERT INTO recipe_ingredient (recipe_id, ingredient_id) VALUES (3, '1014');
INSERT INTO recipe_ingredient (recipe_id, ingredient_id) VALUES (3, '1000');
INSERT INTO recipe_ingredient (recipe_id, ingredient_id) VALUES (4, '1011');
INSERT INTO recipe_ingredient (recipe_id, ingredient_id) VALUES (4, '1014');
INSERT INTO recipe_ingredient (recipe_id, ingredient_id) VALUES (4, '1000');
INSERT INTO recipe_ingredient (recipe_id, ingredient_id) VALUES (4, '1016');
INSERT INTO recipe_ingredient (recipe_id, ingredient_id) VALUES (4, '1002');
INSERT INTO recipe_ingredient (recipe_id, ingredient_id) VALUES (4, '1013');
INSERT INTO recipe_ingredient (recipe_id, ingredient_id) VALUES (5, '1002');
INSERT INTO recipe_ingredient (recipe_id, ingredient_id) VALUES (5, '1021');
INSERT INTO recipe_ingredient (recipe_id, ingredient_id) VALUES (5, '1020');
INSERT INTO recipe_ingredient (recipe_id, ingredient_id) VALUES (5, '1010');
INSERT INTO recipe_ingredient (recipe_id, ingredient_id) VALUES (5, '1006');
INSERT INTO recipe_ingredient (recipe_id, ingredient_id) VALUES (5, '1001');
INSERT INTO recipe_ingredient (recipe_id, ingredient_id) VALUES (6, '1010');
INSERT INTO recipe_ingredient (recipe_id, ingredient_id) VALUES (6, '1016');
INSERT INTO recipe_ingredient (recipe_id, ingredient_id) VALUES (6, '1003');
INSERT INTO recipe_ingredient (recipe_id, ingredient_id) VALUES (6, '1012');
INSERT INTO recipe_ingredient (recipe_id, ingredient_id) VALUES (6, '1008');
INSERT INTO recipe_ingredient (recipe_id, ingredient_id) VALUES (6, '1018');
INSERT INTO recipe_ingredient (recipe_id, ingredient_id) VALUES (6, '1020');
INSERT INTO recipe_ingredient (recipe_id, ingredient_id) VALUES (7, '1005');
INSERT INTO recipe_ingredient (recipe_id, ingredient_id) VALUES (7, '1002');
INSERT INTO recipe_ingredient (recipe_id, ingredient_id) VALUES (7, '1009');
INSERT INTO recipe_ingredient (recipe_id, ingredient_id) VALUES (7, '1010');
INSERT INTO recipe_ingredient (recipe_id, ingredient_id) VALUES (7, '1014');
INSERT INTO recipe_ingredient (recipe_id, ingredient_id) VALUES (7, '1013');
INSERT INTO recipe_ingredient (recipe_id, ingredient_id) VALUES (8, '1016');
INSERT INTO recipe_ingredient (recipe_id, ingredient_id) VALUES (8, '1011');
INSERT INTO recipe_ingredient (recipe_id, ingredient_id) VALUES (8, '1021');
INSERT INTO recipe_ingredient (recipe_id, ingredient_id) VALUES (8, '1002');
INSERT INTO recipe_ingredient (recipe_id, ingredient_id) VALUES (8, '1005');
INSERT INTO recipe_ingredient (recipe_id, ingredient_id) VALUES (8, '1022');
INSERT INTO recipe_ingredient (recipe_id, ingredient_id) VALUES (9, '1001');
INSERT INTO recipe_ingredient (recipe_id, ingredient_id) VALUES (9, '1019');
INSERT INTO recipe_ingredient (recipe_id, ingredient_id) VALUES (9, '1013');
INSERT INTO recipe_ingredient (recipe_id, ingredient_id) VALUES (10, '1008');
INSERT INTO recipe_ingredient (recipe_id, ingredient_id) VALUES (10, '1012');
INSERT INTO recipe_ingredient (recipe_id, ingredient_id) VALUES (10, '1003');
INSERT INTO recipe_ingredient (recipe_id, ingredient_id) VALUES (10, '1011');
INSERT INTO recipe_ingredient (recipe_id, ingredient_id) VALUES (10, '1022');
INSERT INTO recipe_ingredient (recipe_id, ingredient_id) VALUES (11, '1006');
INSERT INTO recipe_ingredient (recipe_id, ingredient_id) VALUES (11, '1021');
INSERT INTO recipe_ingredient (recipe_id, ingredient_id) VALUES (11, '1014');
INSERT INTO recipe_ingredient (recipe_id, ingredient_id) VALUES (11, '1008');
INSERT INTO recipe_ingredient (recipe_id, ingredient_id) VALUES (11, '1004');
INSERT INTO recipe_ingredient (recipe_id, ingredient_id) VALUES (11, '1010');
INSERT INTO recipe_ingredient (recipe_id, ingredient_id) VALUES (12, '1000');
INSERT INTO recipe_ingredient (recipe_id, ingredient_id) VALUES (12, '1014');
INSERT INTO recipe_ingredient (recipe_id, ingredient_id) VALUES (12, '1022');
INSERT INTO recipe_ingredient (recipe_id, ingredient_id) VALUES (13, '1007');
INSERT INTO recipe_ingredient (recipe_id, ingredient_id) VALUES (13, '1010');
INSERT INTO recipe_ingredient (recipe_id, ingredient_id) VALUES (13, '1002');
INSERT INTO recipe_ingredient (recipe_id, ingredient_id) VALUES (13, '1014');
INSERT INTO recipe_ingredient (recipe_id, ingredient_id) VALUES (13, '1008');
INSERT INTO recipe_ingredient (recipe_id, ingredient_id) VALUES (13, '1018');
INSERT INTO recipe_ingredient (recipe_id, ingredient_id) VALUES (14, '1007');
INSERT INTO recipe_ingredient (recipe_id, ingredient_id) VALUES (14, '1008');
INSERT INTO recipe_ingredient (recipe_id, ingredient_id) VALUES (14, '1013');
INSERT INTO recipe_ingredient (recipe_id, ingredient_id) VALUES (14, '1002');
INSERT INTO recipe_ingredient (recipe_id, ingredient_id) VALUES (14, '1012');
INSERT INTO recipe_ingredient (recipe_id, ingredient_id) VALUES (14, '1019');
INSERT INTO recipe_ingredient (recipe_id, ingredient_id) VALUES (14, '1014');
INSERT INTO recipe_ingredient (recipe_id, ingredient_id) VALUES (15, '1000');
INSERT INTO recipe_ingredient (recipe_id, ingredient_id) VALUES (15, '1015');
INSERT INTO recipe_ingredient (recipe_id, ingredient_id) VALUES (15, '1002');
INSERT INTO recipe_ingredient (recipe_id, ingredient_id) VALUES (15, '1010');
INSERT INTO recipe_ingredient (recipe_id, ingredient_id) VALUES (15, '1022');
INSERT INTO recipe_ingredient (recipe_id, ingredient_id) VALUES (15, '1017');
INSERT INTO recipe_ingredient (recipe_id, ingredient_id) VALUES (15, '1008');
INSERT INTO recipe_ingredient (recipe_id, ingredient_id) VALUES (15, '1009');
INSERT INTO recipe_ingredient (recipe_id, ingredient_id) VALUES (16, '1014');
INSERT INTO recipe_ingredient (recipe_id, ingredient_id) VALUES (16, '1008');
INSERT INTO recipe_ingredient (recipe_id, ingredient_id) VALUES (16, '1010');
INSERT INTO recipe_ingredient (recipe_id, ingredient_id) VALUES (16, '1017');
INSERT INTO recipe_ingredient (recipe_id, ingredient_id) VALUES (17, '1014');
INSERT INTO recipe_ingredient (recipe_id, ingredient_id) VALUES (17, '1017');
INSERT INTO recipe_ingredient (recipe_id, ingredient_id) VALUES (17, '1002');
INSERT INTO recipe_ingredient (recipe_id, ingredient_id) VALUES (17, '1007');
INSERT INTO recipe_ingredient (recipe_id, ingredient_id) VALUES (17, '1005');
INSERT INTO recipe_ingredient (recipe_id, ingredient_id) VALUES (18, '1010');
INSERT INTO recipe_ingredient (recipe_id, ingredient_id) VALUES (18, '1008');
INSERT INTO recipe_ingredient (recipe_id, ingredient_id) VALUES (18, '1012');
INSERT INTO recipe_ingredient (recipe_id, ingredient_id) VALUES (18, '1004');
INSERT INTO recipe_ingredient (recipe_id, ingredient_id) VALUES (19, '1007');
INSERT INTO recipe_ingredient (recipe_id, ingredient_id) VALUES (19, '1012');
INSERT INTO recipe_ingredient (recipe_id, ingredient_id) VALUES (19, '1015');
INSERT INTO recipe_ingredient (recipe_id, ingredient_id) VALUES (19, '1020');
INSERT INTO recipe_ingredient (recipe_id, ingredient_id) VALUES (20, '1019');
INSERT INTO recipe_ingredient (recipe_id, ingredient_id) VALUES (20, '1001');
INSERT INTO recipe_ingredient (recipe_id, ingredient_id) VALUES (20, '1014');
INSERT INTO recipe_ingredient (recipe_id, ingredient_id) VALUES (21, '1004');
INSERT INTO recipe_ingredient (recipe_id, ingredient_id) VALUES (21, '1012');
INSERT INTO recipe_ingredient (recipe_id, ingredient_id) VALUES (21, '1022');
INSERT INTO recipe_ingredient (recipe_id, ingredient_id) VALUES (21, '1005');
INSERT INTO recipe_ingredient (recipe_id, ingredient_id) VALUES (22, '1018');
INSERT INTO recipe_ingredient (recipe_id, ingredient_id) VALUES (22, '1017');
INSERT INTO recipe_ingredient (recipe_id, ingredient_id) VALUES (22, '1019');
INSERT INTO recipe_ingredient (recipe_id, ingredient_id) VALUES (22, '1014');
INSERT INTO recipe_ingredient (recipe_id, ingredient_id) VALUES (22, '1005');
INSERT INTO recipe_ingredient (recipe_id, ingredient_id) VALUES (22, '1004');
INSERT INTO recipe_ingredient (recipe_id, ingredient_id) VALUES (22, '1009');
INSERT INTO recipe_ingredient (recipe_id, ingredient_id) VALUES (22, '1012');
INSERT INTO recipe_ingredient (recipe_id, ingredient_id) VALUES (23, '1014');
INSERT INTO recipe_ingredient (recipe_id, ingredient_id) VALUES (23, '1018');
INSERT INTO recipe_ingredient (recipe_id, ingredient_id) VALUES (23, '1015');
INSERT INTO recipe_ingredient (recipe_id, ingredient_id) VALUES (23, '1021');
INSERT INTO recipe_ingredient (recipe_id, ingredient_id) VALUES (24, '1012');
INSERT INTO recipe_ingredient (recipe_id, ingredient_id) VALUES (24, '1007');
INSERT INTO recipe_ingredient (recipe_id, ingredient_id) VALUES (24, '1021');
INSERT INTO recipe_ingredient (recipe_id, ingredient_id) VALUES (24, '1015');
INSERT INTO recipe_ingredient (recipe_id, ingredient_id) VALUES (25, '1022');
INSERT INTO recipe_ingredient (recipe_id, ingredient_id) VALUES (25, '1002');
INSERT INTO recipe_ingredient (recipe_id, ingredient_id) VALUES (25, '1007');
INSERT INTO recipe_ingredient (recipe_id, ingredient_id) VALUES (25, '1003');
INSERT INTO recipe_ingredient (recipe_id, ingredient_id) VALUES (25, '1008');
INSERT INTO recipe_ingredient (recipe_id, ingredient_id) VALUES (25, '1021');
INSERT INTO recipe_ingredient (recipe_id, ingredient_id) VALUES (25, '1014');
INSERT INTO recipe_ingredient (recipe_id, ingredient_id) VALUES (25, '1001');
INSERT INTO recipe_ingredient (recipe_id, ingredient_id) VALUES (26, '1005');
INSERT INTO recipe_ingredient (recipe_id, ingredient_id) VALUES (26, '1021');
INSERT INTO recipe_ingredient (recipe_id, ingredient_id) VALUES (26, '1014');
INSERT INTO recipe_ingredient (recipe_id, ingredient_id) VALUES (26, '1004');
INSERT INTO recipe_ingredient (recipe_id, ingredient_id) VALUES (26, '1011');
INSERT INTO recipe_ingredient (recipe_id, ingredient_id) VALUES (26, '1016');
INSERT INTO recipe_ingredient (recipe_id, ingredient_id) VALUES (26, '1019');
INSERT INTO recipe_ingredient (recipe_id, ingredient_id) VALUES (27, '1008');
INSERT INTO recipe_ingredient (recipe_id, ingredient_id) VALUES (27, '1017');
INSERT INTO recipe_ingredient (recipe_id, ingredient_id) VALUES (27, '1015');
INSERT INTO recipe_ingredient (recipe_id, ingredient_id) VALUES (27, '1021');
INSERT INTO recipe_ingredient (recipe_id, ingredient_id) VALUES (28, '1022');
INSERT INTO recipe_ingredient (recipe_id, ingredient_id) VALUES (28, '1004');
INSERT INTO recipe_ingredient (recipe_id, ingredient_id) VALUES (28, '1016');
INSERT INTO recipe_ingredient (recipe_id, ingredient_id) VALUES (28, '1019');
INSERT INTO recipe_ingredient (recipe_id, ingredient_id) VALUES (28, '1020');
INSERT INTO recipe_ingredient (recipe_id, ingredient_id) VALUES (28, '1006');
INSERT INTO recipe_ingredient (recipe_id, ingredient_id) VALUES (29, '1006');
INSERT INTO recipe_ingredient (recipe_id, ingredient_id) VALUES (29, '1016');
INSERT INTO recipe_ingredient (recipe_id, ingredient_id) VALUES (29, '1021');
INSERT INTO recipe_ingredient (recipe_id, ingredient_id) VALUES (29, '1000');
INSERT INTO recipe_ingredient (recipe_id, ingredient_id) VALUES (30, '1003');
INSERT INTO recipe_ingredient (recipe_id, ingredient_id) VALUES (30, '1015');
INSERT INTO recipe_ingredient (recipe_id, ingredient_id) VALUES (30, '1022');
INSERT INTO recipe_ingredient (recipe_id, ingredient_id) VALUES (30, '1016');
INSERT INTO recipe_ingredient (recipe_id, ingredient_id) VALUES (30, '1000');
INSERT INTO recipe_ingredient (recipe_id, ingredient_id) VALUES (31, '1009');
INSERT INTO recipe_ingredient (recipe_id, ingredient_id) VALUES (31, '1020');
INSERT INTO recipe_ingredient (recipe_id, ingredient_id) VALUES (31, '1000');
INSERT INTO recipe_ingredient (recipe_id, ingredient_id) VALUES (31, '1021');
INSERT INTO recipe_ingredient (recipe_id, ingredient_id) VALUES (31, '1004');
INSERT INTO recipe_ingredient (recipe_id, ingredient_id) VALUES (31, '1007');
INSERT INTO recipe_ingredient (recipe_id, ingredient_id) VALUES (32, '1019');
INSERT INTO recipe_ingredient (recipe_id, ingredient_id) VALUES (32, '1014');
INSERT INTO recipe_ingredient (recipe_id, ingredient_id) VALUES (32, '1017');
INSERT INTO recipe_ingredient (recipe_id, ingredient_id) VALUES (33, '1016');
INSERT INTO recipe_ingredient (recipe_id, ingredient_id) VALUES (33, '1000');
INSERT INTO recipe_ingredient (recipe_id, ingredient_id) VALUES (33, '1022');
INSERT INTO recipe_ingredient (recipe_id, ingredient_id) VALUES (33, '1010');
INSERT INTO recipe_ingredient (recipe_id, ingredient_id) VALUES (33, '1017');
INSERT INTO recipe_ingredient (recipe_id, ingredient_id) VALUES (33, '1015');
INSERT INTO recipe_ingredient (recipe_id, ingredient_id) VALUES (33, '1021');
INSERT INTO recipe_ingredient (recipe_id, ingredient_id) VALUES (34, '1017');
INSERT INTO recipe_ingredient (recipe_id, ingredient_id) VALUES (34, '1012');
INSERT INTO recipe_ingredient (recipe_id, ingredient_id) VALUES (34, '1008');
INSERT INTO recipe_ingredient (recipe_id, ingredient_id) VALUES (34, '1005');
INSERT INTO recipe_ingredient (recipe_id, ingredient_id) VALUES (34, '1007');
INSERT INTO recipe_ingredient (recipe_id, ingredient_id) VALUES (34, '1002');
INSERT INTO recipe_ingredient (recipe_id, ingredient_id) VALUES (34, '1021');
INSERT INTO recipe_ingredient (recipe_id, ingredient_id) VALUES (35, '1003');
INSERT INTO recipe_ingredient (recipe_id, ingredient_id) VALUES (35, '1010');
INSERT INTO recipe_ingredient (recipe_id, ingredient_id) VALUES (35, '1001');
INSERT INTO recipe_ingredient (recipe_id, ingredient_id) VALUES (35, '1000');
INSERT INTO recipe_ingredient (recipe_id, ingredient_id) VALUES (35, '1020');
INSERT INTO recipe_ingredient (recipe_id, ingredient_id) VALUES (35, '1009');
INSERT INTO recipe_ingredient (recipe_id, ingredient_id) VALUES (35, '1013');
INSERT INTO recipe_ingredient (recipe_id, ingredient_id) VALUES (35, '1002');
INSERT INTO recipe_ingredient (recipe_id, ingredient_id) VALUES (36, '1022');
INSERT INTO recipe_ingredient (recipe_id, ingredient_id) VALUES (36, '1014');
INSERT INTO recipe_ingredient (recipe_id, ingredient_id) VALUES (36, '1008');
INSERT INTO recipe_ingredient (recipe_id, ingredient_id) VALUES (36, '1002');
INSERT INTO recipe_ingredient (recipe_id, ingredient_id) VALUES (36, '1019');
INSERT INTO recipe_ingredient (recipe_id, ingredient_id) VALUES (37, '1009');
INSERT INTO recipe_ingredient (recipe_id, ingredient_id) VALUES (37, '1001');
INSERT INTO recipe_ingredient (recipe_id, ingredient_id) VALUES (37, '1017');
INSERT INTO recipe_ingredient (recipe_id, ingredient_id) VALUES (37, '1002');
INSERT INTO recipe_ingredient (recipe_id, ingredient_id) VALUES (38, '1004');
INSERT INTO recipe_ingredient (recipe_id, ingredient_id) VALUES (38, '1014');
INSERT INTO recipe_ingredient (recipe_id, ingredient_id) VALUES (38, '1022');
INSERT INTO recipe_ingredient (recipe_id, ingredient_id) VALUES (38, '1020');
INSERT INTO recipe_ingredient (recipe_id, ingredient_id) VALUES (38, '1017');
INSERT INTO recipe_ingredient (recipe_id, ingredient_id) VALUES (38, '1015');
INSERT INTO recipe_ingredient (recipe_id, ingredient_id) VALUES (38, '1013');
INSERT INTO recipe_ingredient (recipe_id, ingredient_id) VALUES (38, '1003');
INSERT INTO recipe_ingredient (recipe_id, ingredient_id) VALUES (39, '1018');
INSERT INTO recipe_ingredient (recipe_id, ingredient_id) VALUES (39, '1019');
INSERT INTO recipe_ingredient (recipe_id, ingredient_id) VALUES (39, '1017');
INSERT INTO recipe_ingredient (recipe_id, ingredient_id) VALUES (40, '1016');
INSERT INTO recipe_ingredient (recipe_id, ingredient_id) VALUES (40, '1006');
INSERT INTO recipe_ingredient (recipe_id, ingredient_id) VALUES (40, '1012');
INSERT INTO recipe_ingredient (recipe_id, ingredient_id) VALUES (40, '1007');
INSERT INTO recipe_ingredient (recipe_id, ingredient_id) VALUES (40, '1002');
INSERT INTO recipe_ingredient (recipe_id, ingredient_id) VALUES (40, '1004');
INSERT INTO recipe_ingredient (recipe_id, ingredient_id) VALUES (40, '1013');
INSERT INTO recipe_ingredient (recipe_id, ingredient_id) VALUES (40, '1014');
INSERT INTO recipe_ingredient (recipe_id, ingredient_id) VALUES (41, '1021');
INSERT INTO recipe_ingredient (recipe_id, ingredient_id) VALUES (41, '1004');
INSERT INTO recipe_ingredient (recipe_id, ingredient_id) VALUES (41, '1010');
INSERT INTO recipe_ingredient (recipe_id, ingredient_id) VALUES (41, '1017');
INSERT INTO recipe_ingredient (recipe_id, ingredient_id) VALUES (41, '1005');
INSERT INTO recipe_ingredient (recipe_id, ingredient_id) VALUES (41, '1003');
INSERT INTO recipe_ingredient (recipe_id, ingredient_id) VALUES (41, '1007');
INSERT INTO recipe_ingredient (recipe_id, ingredient_id) VALUES (41, '1000');
INSERT INTO recipe_ingredient (recipe_id, ingredient_id) VALUES (42, '1009');
INSERT INTO recipe_ingredient (recipe_id, ingredient_id) VALUES (42, '1004');
INSERT INTO recipe_ingredient (recipe_id, ingredient_id) VALUES (42, '1006');
INSERT INTO recipe_ingredient (recipe_id, ingredient_id) VALUES (42, '1015');
INSERT INTO recipe_ingredient (recipe_id, ingredient_id) VALUES (42, '1001');
INSERT INTO recipe_ingredient (recipe_id, ingredient_id) VALUES (42, '1005');
INSERT INTO recipe_ingredient (recipe_id, ingredient_id) VALUES (42, '1007');
INSERT INTO recipe_ingredient (recipe_id, ingredient_id) VALUES (43, '1020');
INSERT INTO recipe_ingredient (recipe_id, ingredient_id) VALUES (43, '1014');
INSERT INTO recipe_ingredient (recipe_id, ingredient_id) VALUES (43, '1001');
INSERT INTO recipe_ingredient (recipe_id, ingredient_id) VALUES (44, '1002');
INSERT INTO recipe_ingredient (recipe_id, ingredient_id) VALUES (44, '1003');
INSERT INTO recipe_ingredient (recipe_id, ingredient_id) VALUES (44, '1020');
INSERT INTO recipe_ingredient (recipe_id, ingredient_id) VALUES (44, '1009');
INSERT INTO recipe_ingredient (recipe_id, ingredient_id) VALUES (44, '1015');
INSERT INTO recipe_ingredient (recipe_id, ingredient_id) VALUES (44, '1004');
INSERT INTO recipe_ingredient (recipe_id, ingredient_id) VALUES (44, '1021');
INSERT INTO recipe_ingredient (recipe_id, ingredient_id) VALUES (44, '1000');
INSERT INTO recipe_ingredient (recipe_id, ingredient_id) VALUES (45, '1022');
INSERT INTO recipe_ingredient (recipe_id, ingredient_id) VALUES (45, '1019');
INSERT INTO recipe_ingredient (recipe_id, ingredient_id) VALUES (45, '1002');
INSERT INTO recipe_ingredient (recipe_id, ingredient_id) VALUES (45, '1015');
INSERT INTO recipe_ingredient (recipe_id, ingredient_id) VALUES (46, '1006');
INSERT INTO recipe_ingredient (recipe_id, ingredient_id) VALUES (46, '1016');
INSERT INTO recipe_ingredient (recipe_id, ingredient_id) VALUES (46, '1017');
INSERT INTO recipe_ingredient (recipe_id, ingredient_id) VALUES (46, '1012');
INSERT INTO recipe_ingredient (recipe_id, ingredient_id) VALUES (46, '1019');
INSERT INTO recipe_ingredient (recipe_id, ingredient_id) VALUES (46, '1014');
INSERT INTO recipe_ingredient (recipe_id, ingredient_id) VALUES (46, '1002');
INSERT INTO recipe_ingredient (recipe_id, ingredient_id) VALUES (47, '1003');
INSERT INTO recipe_ingredient (recipe_id, ingredient_id) VALUES (47, '1018');
INSERT INTO recipe_ingredient (recipe_id, ingredient_id) VALUES (47, '1005');
INSERT INTO recipe_ingredient (recipe_id, ingredient_id) VALUES (47, '1013');
INSERT INTO recipe_ingredient (recipe_id, ingredient_id) VALUES (47, '1002');
INSERT INTO recipe_ingredient (recipe_id, ingredient_id) VALUES (47, '1015');
INSERT INTO recipe_ingredient (recipe_id, ingredient_id) VALUES (48, '1010');
INSERT INTO recipe_ingredient (recipe_id, ingredient_id) VALUES (48, '1018');
INSERT INTO recipe_ingredient (recipe_id, ingredient_id) VALUES (48, '1014');
INSERT INTO recipe_ingredient (recipe_id, ingredient_id) VALUES (48, '1006');
INSERT INTO recipe_ingredient (recipe_id, ingredient_id) VALUES (48, '1003');
INSERT INTO recipe_ingredient (recipe_id, ingredient_id) VALUES (49, '1015');
INSERT INTO recipe_ingredient (recipe_id, ingredient_id) VALUES (49, '1005');
INSERT INTO recipe_ingredient (recipe_id, ingredient_id) VALUES (49, '1021');
INSERT INTO recipe_ingredient (recipe_id, ingredient_id) VALUES (49, '1014');
INSERT INTO recipe_ingredient (recipe_id, ingredient_id) VALUES (49, '1006');
INSERT INTO recipe_ingredient (recipe_id, ingredient_id) VALUES (50, '1013');
INSERT INTO recipe_ingredient (recipe_id, ingredient_id) VALUES (50, '1019');
INSERT INTO recipe_ingredient (recipe_id, ingredient_id) VALUES (50, '1017');
INSERT INTO recipe_ingredient (recipe_id, ingredient_id) VALUES (50, '1022');
INSERT INTO recipe_ingredient (recipe_id, ingredient_id) VALUES (50, '1007');
INSERT INTO recipe_ingredient (recipe_id, ingredient_id) VALUES (50, '1014');
INSERT INTO recipe_ingredient (recipe_id, ingredient_id) VALUES (50, '1021');
INSERT INTO recipe_ingredient (recipe_id, ingredient_id) VALUES (50, '1010');
INSERT INTO ingredient_batch (id, ingredient_id, delivery_date, expiration_date, amount, supplier) VALUES (1, 1000, '2024-06-07', '2024-09-25', 76, 'Woods, Glover and Nichols');
INSERT INTO ingredient_batch (id, ingredient_id, delivery_date, expiration_date, amount, supplier) VALUES (2, 1000, '2024-08-07', '2024-01-07', 13, 'Soto Inc');
INSERT INTO ingredient_batch (id, ingredient_id, delivery_date, expiration_date, amount, supplier) VALUES (3, 1000, '2024-07-25', '2024-02-07', 59, 'Nguyen-Jennings');
INSERT INTO ingredient_batch (id, ingredient_id, delivery_date, expiration_date, amount, supplier) VALUES (4, 1000, '2024-05-14', '2024-07-09', 68, 'Woods, Glover and Nichols');
INSERT INTO ingredient_batch (id, ingredient_id, delivery_date, expiration_date, amount, supplier) VALUES (5, 1000, '2024-04-05', '2024-06-17', 14, 'Chapman Ltd');
INSERT INTO ingredient_batch (id, ingredient_id, delivery_date, expiration_date, amount, supplier) VALUES (6, 1000, '2024-04-05', '2024-09-28', 4, 'Jackson, Logan and Phillips');
INSERT INTO ingredient_batch (id, ingredient_id, delivery_date, expiration_date, amount, supplier) VALUES (7, 1001, '2024-09-09', '2024-07-17', 35, 'Soto Inc');
INSERT INTO ingredient_batch (id, ingredient_id, delivery_date, expiration_date, amount, supplier) VALUES (8, 1001, '2024-03-21', '2024-09-28', 87, 'Jackson-Lopez');
INSERT INTO ingredient_batch (id, ingredient_id, delivery_date, expiration_date, amount, supplier) VALUES (9, 1001, '2024-06-17', '2024-07-06', 76, 'Chapman Ltd');
INSERT INTO ingredient_batch (id, ingredient_id, delivery_date, expiration_date, amount, supplier) VALUES (10, 1001, '2024-01-29', '2024-06-08', 20, 'Jackson, Logan and Phillips');
INSERT INTO ingredient_batch (id, ingredient_id, delivery_date, expiration_date, amount, supplier) VALUES (11, 1001, '2024-01-10', '2024-09-30', 58, 'Jackson, Logan and Phillips');
INSERT INTO ingredient_batch (id, ingredient_id, delivery_date, expiration_date, amount, supplier) VALUES (12, 1001, '2024-06-14', '2024-07-07', 50, 'Jackson-Lopez');
INSERT INTO ingredient_batch (id, ingredient_id, delivery_date, expiration_date, amount, supplier) VALUES (13, 1001, '2024-03-07', '2024-06-22', 68, 'Jackson, Logan and Phillips');
INSERT INTO ingredient_batch (id, ingredient_id, delivery_date, expiration_date, amount, supplier) VALUES (14, 1001, '2024-08-19', '2024-05-01', 50, 'Chandler Ltd');
INSERT INTO ingredient_batch (id, ingredient_id, delivery_date, expiration_date, amount, supplier) VALUES (15, 1001, '2024-01-10', '2024-08-11', 11, 'Nguyen-Jennings');
INSERT INTO ingredient_batch (id, ingredient_id, delivery_date, expiration_date, amount, supplier) VALUES (16, 1001, '2024-07-09', '2024-09-29', 38, 'Woods, Glover and Nichols');
INSERT INTO ingredient_batch (id, ingredient_id, delivery_date, expiration_date, amount, supplier) VALUES (17, 1002, '2024-05-07', '2024-06-24', 53, 'Gonzalez-Massey');
INSERT INTO ingredient_batch (id, ingredient_id, delivery_date, expiration_date, amount, supplier) VALUES (18, 1002, '2024-09-21', '2024-09-01', 7, 'Woods, Glover and Nichols');
INSERT INTO ingredient_batch (id, ingredient_id, delivery_date, expiration_date, amount, supplier) VALUES (19, 1002, '2024-03-05', '2024-05-09', 55, 'Oneill, Johnson and Green');
INSERT INTO ingredient_batch (id, ingredient_id, delivery_date, expiration_date, amount, supplier) VALUES (20, 1002, '2024-04-12', '2024-03-13', 71, 'Woods, Glover and Nichols');
INSERT INTO ingredient_batch (id, ingredient_id, delivery_date, expiration_date, amount, supplier) VALUES (21, 1002, '2024-06-19', '2024-10-05', 13, 'Chapman Ltd');
INSERT INTO ingredient_batch (id, ingredient_id, delivery_date, expiration_date, amount, supplier) VALUES (22, 1002, '2024-03-02', '2024-04-04', 81, 'Soto Inc');
INSERT INTO ingredient_batch (id, ingredient_id, delivery_date, expiration_date, amount, supplier) VALUES (23, 1002, '2024-02-14', '2024-09-13', 53, 'Woods, Glover and Nichols');
INSERT INTO ingredient_batch (id, ingredient_id, delivery_date, expiration_date, amount, supplier) VALUES (24, 1002, '2024-04-12', '2024-06-22', 85, 'Jackson, Logan and Phillips');
INSERT INTO ingredient_batch (id, ingredient_id, delivery_date, expiration_date, amount, supplier) VALUES (25, 1002, '2024-02-14', '2024-08-08', 2, 'Oneill, Johnson and Green');
INSERT INTO ingredient_batch (id, ingredient_id, delivery_date, expiration_date, amount, supplier) VALUES (26, 1003, '2024-10-05', '2024-09-12', 91, 'Kelley Ltd');
INSERT INTO ingredient_batch (id, ingredient_id, delivery_date, expiration_date, amount, supplier) VALUES (27, 1003, '2024-01-15', '2024-06-22', 4, 'Jackson-Lopez');
INSERT INTO ingredient_batch (id, ingredient_id, delivery_date, expiration_date, amount, supplier) VALUES (28, 1003, '2024-07-28', '2024-04-11', 14, 'Woods, Glover and Nichols');
INSERT INTO ingredient_batch (id, ingredient_id, delivery_date, expiration_date, amount, supplier) VALUES (29, 1003, '2024-05-28', '2024-07-15', 83, 'Oneill, Johnson and Green');
INSERT INTO ingredient_batch (id, ingredient_id, delivery_date, expiration_date, amount, supplier) VALUES (30, 1003, '2024-06-29', '2024-06-05', 35, 'Dyer and Sons');
INSERT INTO ingredient_batch (id, ingredient_id, delivery_date, expiration_date, amount, supplier) VALUES (31, 1004, '2024-09-14', '2024-03-04', 16, 'Kelley Ltd');
INSERT INTO ingredient_batch (id, ingredient_id, delivery_date, expiration_date, amount, supplier) VALUES (32, 1004, '2024-01-16', '2024-09-20', 39, 'Woods, Glover and Nichols');
INSERT INTO ingredient_batch (id, ingredient_id, delivery_date, expiration_date, amount, supplier) VALUES (33, 1004, '2024-09-20', '2024-06-09', 17, 'Chandler Ltd');
INSERT INTO ingredient_batch (id, ingredient_id, delivery_date, expiration_date, amount, supplier) VALUES (34, 1004, '2024-08-05', '2024-03-12', 52, 'Woods, Glover and Nichols');
INSERT INTO ingredient_batch (id, ingredient_id, delivery_date, expiration_date, amount, supplier) VALUES (35, 1004, '2024-04-02', '2024-05-22', 71, 'Jackson, Logan and Phillips');
INSERT INTO ingredient_batch (id, ingredient_id, delivery_date, expiration_date, amount, supplier) VALUES (36, 1004, '2024-03-06', '2024-10-04', 11, 'Kelley Ltd');
INSERT INTO ingredient_batch (id, ingredient_id, delivery_date, expiration_date, amount, supplier) VALUES (37, 1004, '2024-02-23', '2024-06-21', 3, 'Oneill, Johnson and Green');
INSERT INTO ingredient_batch (id, ingredient_id, delivery_date, expiration_date, amount, supplier) VALUES (38, 1004, '2024-08-09', '2024-01-01', 5, 'Jackson, Logan and Phillips');
INSERT INTO ingredient_batch (id, ingredient_id, delivery_date, expiration_date, amount, supplier) VALUES (39, 1005, '2024-08-16', '2024-01-17', 47, 'Avila-Acosta');
INSERT INTO ingredient_batch (id, ingredient_id, delivery_date, expiration_date, amount, supplier) VALUES (40, 1005, '2024-05-11', '2024-08-10', 9, 'Jackson, Logan and Phillips');
INSERT INTO ingredient_batch (id, ingredient_id, delivery_date, expiration_date, amount, supplier) VALUES (41, 1005, '2024-03-26', '2024-08-15', 91, 'Nguyen-Jennings');
INSERT INTO ingredient_batch (id, ingredient_id, delivery_date, expiration_date, amount, supplier) VALUES (42, 1005, '2024-05-10', '2024-01-02', 68, 'Woods, Glover and Nichols');
INSERT INTO ingredient_batch (id, ingredient_id, delivery_date, expiration_date, amount, supplier) VALUES (43, 1005, '2024-08-23', '2024-04-29', 28, 'Chandler Ltd');
INSERT INTO ingredient_batch (id, ingredient_id, delivery_date, expiration_date, amount, supplier) VALUES (44, 1005, '2024-01-16', '2024-08-12', 42, 'Nguyen-Jennings');
INSERT INTO ingredient_batch (id, ingredient_id, delivery_date, expiration_date, amount, supplier) VALUES (45, 1005, '2024-08-12', '2024-01-19', 1, 'Chapman Ltd');
INSERT INTO ingredient_batch (id, ingredient_id, delivery_date, expiration_date, amount, supplier) VALUES (46, 1005, '2024-03-11', '2024-02-02', 26, 'Kelley Ltd');
INSERT INTO ingredient_batch (id, ingredient_id, delivery_date, expiration_date, amount, supplier) VALUES (47, 1005, '2024-08-19', '2024-03-04', 94, 'Soto Inc');
INSERT INTO ingredient_batch (id, ingredient_id, delivery_date, expiration_date, amount, supplier) VALUES (48, 1006, '2024-03-01', '2024-02-10', 56, 'Chandler Ltd');
INSERT INTO ingredient_batch (id, ingredient_id, delivery_date, expiration_date, amount, supplier) VALUES (49, 1006, '2024-02-22', '2024-02-02', 91, 'Chapman Ltd');
INSERT INTO ingredient_batch (id, ingredient_id, delivery_date, expiration_date, amount, supplier) VALUES (50, 1007, '2024-08-14', '2024-05-14', 28, 'Dyer and Sons');
INSERT INTO ingredient_batch (id, ingredient_id, delivery_date, expiration_date, amount, supplier) VALUES (51, 1007, '2024-08-27', '2024-05-07', 40, 'Jackson-Lopez');
INSERT INTO ingredient_batch (id, ingredient_id, delivery_date, expiration_date, amount, supplier) VALUES (52, 1007, '2024-06-25', '2024-04-21', 98, 'Oneill, Johnson and Green');
INSERT INTO ingredient_batch (id, ingredient_id, delivery_date, expiration_date, amount, supplier) VALUES (53, 1007, '2024-04-02', '2024-04-19', 11, 'Gonzalez-Massey');
INSERT INTO ingredient_batch (id, ingredient_id, delivery_date, expiration_date, amount, supplier) VALUES (54, 1007, '2024-07-26', '2024-07-14', 56, 'Kelley Ltd');
INSERT INTO ingredient_batch (id, ingredient_id, delivery_date, expiration_date, amount, supplier) VALUES (55, 1007, '2024-07-20', '2024-05-11', 6, 'Oneill, Johnson and Green');
INSERT INTO ingredient_batch (id, ingredient_id, delivery_date, expiration_date, amount, supplier) VALUES (56, 1007, '2024-06-18', '2024-06-19', 11, 'Jackson, Logan and Phillips');
INSERT INTO ingredient_batch (id, ingredient_id, delivery_date, expiration_date, amount, supplier) VALUES (57, 1007, '2024-09-04', '2024-04-17', 53, 'Chandler Ltd');
INSERT INTO ingredient_batch (id, ingredient_id, delivery_date, expiration_date, amount, supplier) VALUES (58, 1008, '2024-01-15', '2024-06-17', 74, 'Kelley Ltd');
INSERT INTO ingredient_batch (id, ingredient_id, delivery_date, expiration_date, amount, supplier) VALUES (59, 1008, '2024-04-06', '2024-08-01', 17, 'Jackson-Lopez');
INSERT INTO ingredient_batch (id, ingredient_id, delivery_date, expiration_date, amount, supplier) VALUES (60, 1008, '2024-05-07', '2024-05-04', 86, 'Avila-Acosta');
INSERT INTO ingredient_batch (id, ingredient_id, delivery_date, expiration_date, amount, supplier) VALUES (61, 1008, '2024-03-30', '2024-01-27', 1, 'Dyer and Sons');
INSERT INTO ingredient_batch (id, ingredient_id, delivery_date, expiration_date, amount, supplier) VALUES (62, 1008, '2024-08-29', '2024-02-25', 83, 'Gonzalez-Massey');
INSERT INTO ingredient_batch (id, ingredient_id, delivery_date, expiration_date, amount, supplier) VALUES (63, 1008, '2024-06-23', '2024-06-03', 62, 'Chapman Ltd');
INSERT INTO ingredient_batch (id, ingredient_id, delivery_date, expiration_date, amount, supplier) VALUES (64, 1008, '2024-07-30', '2024-07-29', 86, 'Oneill, Johnson and Green');
INSERT INTO ingredient_batch (id, ingredient_id, delivery_date, expiration_date, amount, supplier) VALUES (65, 1008, '2024-08-31', '2024-02-10', 98, 'Soto Inc');
INSERT INTO ingredient_batch (id, ingredient_id, delivery_date, expiration_date, amount, supplier) VALUES (66, 1008, '2024-02-25', '2024-02-07', 66, 'Woods, Glover and Nichols');
INSERT INTO ingredient_batch (id, ingredient_id, delivery_date, expiration_date, amount, supplier) VALUES (67, 1008, '2024-05-01', '2024-04-22', 83, 'Nguyen-Jennings');
INSERT INTO ingredient_batch (id, ingredient_id, delivery_date, expiration_date, amount, supplier) VALUES (68, 1009, '2024-09-24', '2024-04-22', 12, 'Nguyen-Jennings');
INSERT INTO ingredient_batch (id, ingredient_id, delivery_date, expiration_date, amount, supplier) VALUES (69, 1010, '2024-07-28', '2024-02-13', 4, 'Kelley Ltd');
INSERT INTO ingredient_batch (id, ingredient_id, delivery_date, expiration_date, amount, supplier) VALUES (70, 1010, '2024-01-22', '2024-02-22', 37, 'Soto Inc');
INSERT INTO ingredient_batch (id, ingredient_id, delivery_date, expiration_date, amount, supplier) VALUES (71, 1010, '2024-06-18', '2024-10-07', 91, 'Kelley Ltd');
INSERT INTO ingredient_batch (id, ingredient_id, delivery_date, expiration_date, amount, supplier) VALUES (72, 1010, '2024-08-15', '2024-07-09', 93, 'Oneill, Johnson and Green');
INSERT INTO ingredient_batch (id, ingredient_id, delivery_date, expiration_date, amount, supplier) VALUES (73, 1010, '2024-06-28', '2024-01-08', 11, 'Jackson, Logan and Phillips');
INSERT INTO ingredient_batch (id, ingredient_id, delivery_date, expiration_date, amount, supplier) VALUES (74, 1010, '2024-05-07', '2024-01-04', 10, 'Kelley Ltd');
INSERT INTO ingredient_batch (id, ingredient_id, delivery_date, expiration_date, amount, supplier) VALUES (75, 1011, '2024-03-02', '2024-05-11', 57, 'Gonzalez-Massey');
INSERT INTO ingredient_batch (id, ingredient_id, delivery_date, expiration_date, amount, supplier) VALUES (76, 1011, '2024-01-08', '2024-04-29', 29, 'Chapman Ltd');
INSERT INTO ingredient_batch (id, ingredient_id, delivery_date, expiration_date, amount, supplier) VALUES (77, 1011, '2024-03-30', '2024-05-28', 57, 'Gonzalez-Massey');
INSERT INTO ingredient_batch (id, ingredient_id, delivery_date, expiration_date, amount, supplier) VALUES (78, 1011, '2024-04-27', '2024-02-24', 50, 'Kelley Ltd');
INSERT INTO ingredient_batch (id, ingredient_id, delivery_date, expiration_date, amount, supplier) VALUES (79, 1011, '2024-08-22', '2024-05-25', 22, 'Avila-Acosta');
INSERT INTO ingredient_batch (id, ingredient_id, delivery_date, expiration_date, amount, supplier) VALUES (80, 1012, '2024-08-26', '2024-07-13', 26, 'Avila-Acosta');
INSERT INTO ingredient_batch (id, ingredient_id, delivery_date, expiration_date, amount, supplier) VALUES (81, 1012, '2024-02-28', '2024-08-18', 17, 'Avila-Acosta');
INSERT INTO ingredient_batch (id, ingredient_id, delivery_date, expiration_date, amount, supplier) VALUES (82, 1013, '2024-05-18', '2024-02-04', 68, 'Woods, Glover and Nichols');
INSERT INTO ingredient_batch (id, ingredient_id, delivery_date, expiration_date, amount, supplier) VALUES (83, 1013, '2024-05-11', '2024-03-20', 29, 'Woods, Glover and Nichols');
INSERT INTO ingredient_batch (id, ingredient_id, delivery_date, expiration_date, amount, supplier) VALUES (84, 1013, '2024-09-19', '2024-03-26', 83, 'Nguyen-Jennings');
INSERT INTO ingredient_batch (id, ingredient_id, delivery_date, expiration_date, amount, supplier) VALUES (85, 1013, '2024-07-18', '2024-10-07', 10, 'Soto Inc');
INSERT INTO ingredient_batch (id, ingredient_id, delivery_date, expiration_date, amount, supplier) VALUES (86, 1013, '2024-04-25', '2024-05-16', 95, 'Nguyen-Jennings');
INSERT INTO ingredient_batch (id, ingredient_id, delivery_date, expiration_date, amount, supplier) VALUES (87, 1013, '2024-03-08', '2024-07-21', 7, 'Chapman Ltd');
INSERT INTO ingredient_batch (id, ingredient_id, delivery_date, expiration_date, amount, supplier) VALUES (88, 1013, '2024-03-06', '2024-01-01', 59, 'Nguyen-Jennings');
INSERT INTO ingredient_batch (id, ingredient_id, delivery_date, expiration_date, amount, supplier) VALUES (89, 1013, '2024-02-08', '2024-06-16', 86, 'Jackson-Lopez');
INSERT INTO ingredient_batch (id, ingredient_id, delivery_date, expiration_date, amount, supplier) VALUES (90, 1014, '2024-07-02', '2024-01-10', 55, 'Kelley Ltd');
INSERT INTO ingredient_batch (id, ingredient_id, delivery_date, expiration_date, amount, supplier) VALUES (91, 1014, '2024-06-29', '2024-08-04', 24, 'Chandler Ltd');
INSERT INTO ingredient_batch (id, ingredient_id, delivery_date, expiration_date, amount, supplier) VALUES (92, 1014, '2024-08-17', '2024-03-12', 74, 'Jackson, Logan and Phillips');
INSERT INTO ingredient_batch (id, ingredient_id, delivery_date, expiration_date, amount, supplier) VALUES (93, 1014, '2024-04-29', '2024-06-21', 10, 'Kelley Ltd');
INSERT INTO ingredient_batch (id, ingredient_id, delivery_date, expiration_date, amount, supplier) VALUES (94, 1014, '2024-10-03', '2024-09-23', 77, 'Kelley Ltd');
INSERT INTO ingredient_batch (id, ingredient_id, delivery_date, expiration_date, amount, supplier) VALUES (95, 1014, '2024-09-12', '2024-03-29', 39, 'Chandler Ltd');
INSERT INTO ingredient_batch (id, ingredient_id, delivery_date, expiration_date, amount, supplier) VALUES (96, 1015, '2024-05-01', '2024-08-01', 10, 'Kelley Ltd');
INSERT INTO ingredient_batch (id, ingredient_id, delivery_date, expiration_date, amount, supplier) VALUES (97, 1015, '2024-06-01', '2024-08-01', 99, 'Chapman Ltd');
INSERT INTO ingredient_batch (id, ingredient_id, delivery_date, expiration_date, amount, supplier) VALUES (98, 1015, '2024-09-04', '2024-03-23', 21, 'Soto Inc');
INSERT INTO ingredient_batch (id, ingredient_id, delivery_date, expiration_date, amount, supplier) VALUES (99, 1015, '2024-02-14', '2024-07-01', 1, 'Woods, Glover and Nichols');
INSERT INTO ingredient_batch (id, ingredient_id, delivery_date, expiration_date, amount, supplier) VALUES (100, 1015, '2024-04-25', '2024-01-30', 78, 'Jackson, Logan and Phillips');
INSERT INTO ingredient_batch (id, ingredient_id, delivery_date, expiration_date, amount, supplier) VALUES (101, 1015, '2024-08-19', '2024-03-23', 58, 'Chandler Ltd');
INSERT INTO ingredient_batch (id, ingredient_id, delivery_date, expiration_date, amount, supplier) VALUES (102, 1016, '2024-07-02', '2024-01-27', 15, 'Chapman Ltd');
INSERT INTO ingredient_batch (id, ingredient_id, delivery_date, expiration_date, amount, supplier) VALUES (103, 1016, '2024-03-15', '2024-01-21', 48, 'Jackson-Lopez');
INSERT INTO ingredient_batch (id, ingredient_id, delivery_date, expiration_date, amount, supplier) VALUES (104, 1016, '2024-05-08', '2024-01-19', 58, 'Jackson-Lopez');
INSERT INTO ingredient_batch (id, ingredient_id, delivery_date, expiration_date, amount, supplier) VALUES (105, 1016, '2024-05-19', '2024-08-27', 71, 'Soto Inc');
INSERT INTO ingredient_batch (id, ingredient_id, delivery_date, expiration_date, amount, supplier) VALUES (106, 1016, '2024-04-29', '2024-08-08', 2, 'Avila-Acosta');
INSERT INTO ingredient_batch (id, ingredient_id, delivery_date, expiration_date, amount, supplier) VALUES (107, 1016, '2024-04-13', '2024-09-26', 13, 'Jackson-Lopez');
INSERT INTO ingredient_batch (id, ingredient_id, delivery_date, expiration_date, amount, supplier) VALUES (108, 1016, '2024-02-26', '2024-02-07', 80, 'Gonzalez-Massey');
INSERT INTO ingredient_batch (id, ingredient_id, delivery_date, expiration_date, amount, supplier) VALUES (109, 1016, '2024-04-01', '2024-09-25', 49, 'Woods, Glover and Nichols');
INSERT INTO ingredient_batch (id, ingredient_id, delivery_date, expiration_date, amount, supplier) VALUES (110, 1017, '2024-08-09', '2024-05-01', 82, 'Jackson, Logan and Phillips');
INSERT INTO ingredient_batch (id, ingredient_id, delivery_date, expiration_date, amount, supplier) VALUES (111, 1017, '2024-03-01', '2024-04-08', 83, 'Chapman Ltd');
INSERT INTO ingredient_batch (id, ingredient_id, delivery_date, expiration_date, amount, supplier) VALUES (112, 1017, '2024-03-08', '2024-06-09', 10, 'Avila-Acosta');
INSERT INTO ingredient_batch (id, ingredient_id, delivery_date, expiration_date, amount, supplier) VALUES (113, 1018, '2024-04-19', '2024-08-03', 99, 'Oneill, Johnson and Green');
INSERT INTO ingredient_batch (id, ingredient_id, delivery_date, expiration_date, amount, supplier) VALUES (114, 1018, '2024-07-24', '2024-05-16', 27, 'Woods, Glover and Nichols');
INSERT INTO ingredient_batch (id, ingredient_id, delivery_date, expiration_date, amount, supplier) VALUES (115, 1018, '2024-04-01', '2024-08-24', 20, 'Nguyen-Jennings');
INSERT INTO ingredient_batch (id, ingredient_id, delivery_date, expiration_date, amount, supplier) VALUES (116, 1018, '2024-10-01', '2024-09-19', 30, 'Nguyen-Jennings');
INSERT INTO ingredient_batch (id, ingredient_id, delivery_date, expiration_date, amount, supplier) VALUES (117, 1019, '2024-01-11', '2024-09-17', 51, 'Chapman Ltd');
INSERT INTO ingredient_batch (id, ingredient_id, delivery_date, expiration_date, amount, supplier) VALUES (118, 1019, '2024-09-01', '2024-03-17', 39, 'Dyer and Sons');
INSERT INTO ingredient_batch (id, ingredient_id, delivery_date, expiration_date, amount, supplier) VALUES (119, 1019, '2024-06-22', '2024-06-28', 69, 'Oneill, Johnson and Green');
INSERT INTO ingredient_batch (id, ingredient_id, delivery_date, expiration_date, amount, supplier) VALUES (120, 1019, '2024-09-07', '2024-08-01', 12, 'Gonzalez-Massey');
INSERT INTO ingredient_batch (id, ingredient_id, delivery_date, expiration_date, amount, supplier) VALUES (121, 1019, '2024-01-18', '2024-07-31', 82, 'Jackson, Logan and Phillips');
INSERT INTO ingredient_batch (id, ingredient_id, delivery_date, expiration_date, amount, supplier) VALUES (122, 1019, '2024-05-14', '2024-04-15', 17, 'Woods, Glover and Nichols');
INSERT INTO ingredient_batch (id, ingredient_id, delivery_date, expiration_date, amount, supplier) VALUES (123, 1019, '2024-05-10', '2024-04-07', 65, 'Jackson-Lopez');
INSERT INTO ingredient_batch (id, ingredient_id, delivery_date, expiration_date, amount, supplier) VALUES (124, 1019, '2024-05-23', '2024-09-26', 51, 'Soto Inc');
INSERT INTO ingredient_batch (id, ingredient_id, delivery_date, expiration_date, amount, supplier) VALUES (125, 1019, '2024-08-01', '2024-09-14', 37, 'Soto Inc');
INSERT INTO ingredient_batch (id, ingredient_id, delivery_date, expiration_date, amount, supplier) VALUES (126, 1019, '2024-09-26', '2024-07-08', 66, 'Soto Inc');
INSERT INTO ingredient_batch (id, ingredient_id, delivery_date, expiration_date, amount, supplier) VALUES (127, 1020, '2024-02-26', '2024-02-13', 44, 'Jackson-Lopez');
INSERT INTO ingredient_batch (id, ingredient_id, delivery_date, expiration_date, amount, supplier) VALUES (128, 1020, '2024-05-20', '2024-01-21', 82, 'Jackson, Logan and Phillips');
INSERT INTO ingredient_batch (id, ingredient_id, delivery_date, expiration_date, amount, supplier) VALUES (129, 1020, '2024-03-31', '2024-08-09', 78, 'Nguyen-Jennings');
INSERT INTO ingredient_batch (id, ingredient_id, delivery_date, expiration_date, amount, supplier) VALUES (130, 1020, '2024-06-17', '2024-04-05', 7, 'Dyer and Sons');
INSERT INTO ingredient_batch (id, ingredient_id, delivery_date, expiration_date, amount, supplier) VALUES (131, 1020, '2024-07-16', '2024-02-09', 59, 'Oneill, Johnson and Green');
INSERT INTO ingredient_batch (id, ingredient_id, delivery_date, expiration_date, amount, supplier) VALUES (132, 1020, '2024-09-17', '2024-04-08', 5, 'Dyer and Sons');
INSERT INTO ingredient_batch (id, ingredient_id, delivery_date, expiration_date, amount, supplier) VALUES (133, 1021, '2024-04-17', '2024-09-19', 27, 'Kelley Ltd');
INSERT INTO ingredient_batch (id, ingredient_id, delivery_date, expiration_date, amount, supplier) VALUES (134, 1021, '2024-04-08', '2024-05-03', 27, 'Chandler Ltd');
INSERT INTO ingredient_batch (id, ingredient_id, delivery_date, expiration_date, amount, supplier) VALUES (135, 1021, '2024-04-10', '2024-04-24', 91, 'Soto Inc');
INSERT INTO ingredient_batch (id, ingredient_id, delivery_date, expiration_date, amount, supplier) VALUES (136, 1021, '2024-07-01', '2024-08-12', 8, 'Avila-Acosta');
INSERT INTO ingredient_batch (id, ingredient_id, delivery_date, expiration_date, amount, supplier) VALUES (137, 1021, '2024-08-03', '2024-08-27', 21, 'Jackson, Logan and Phillips');
INSERT INTO ingredient_batch (id, ingredient_id, delivery_date, expiration_date, amount, supplier) VALUES (138, 1022, '2024-06-25', '2024-01-30', 14, 'Gonzalez-Massey');
INSERT INTO ingredient_batch (id, ingredient_id, delivery_date, expiration_date, amount, supplier) VALUES (139, 1022, '2024-04-09', '2024-05-04', 34, 'Jackson-Lopez');
INSERT INTO ingredient_batch (id, ingredient_id, delivery_date, expiration_date, amount, supplier) VALUES (140, 1022, '2024-07-09', '2024-07-29', 8, 'Gonzalez-Massey');
INSERT INTO ingredient_batch (id, ingredient_id, delivery_date, expiration_date, amount, supplier) VALUES (141, 1022, '2024-03-04', '2024-10-02', 28, 'Nguyen-Jennings');
INSERT INTO ingredient_batch (id, ingredient_id, delivery_date, expiration_date, amount, supplier) VALUES (142, 1022, '2024-10-03', '2024-03-05', 96, 'Kelley Ltd');
INSERT INTO ingredient_batch (id, ingredient_id, delivery_date, expiration_date, amount, supplier) VALUES (143, 1022, '2024-08-31', '2024-07-04', 85, 'Dyer and Sons');
INSERT INTO ingredient_batch (id, ingredient_id, delivery_date, expiration_date, amount, supplier) VALUES (144, 1022, '2024-04-12', '2024-03-04', 21, 'Chandler Ltd');
INSERT INTO ingredient_batch (id, ingredient_id, delivery_date, expiration_date, amount, supplier) VALUES (145, 1022, '2024-01-15', '2024-03-21', 24, 'Kelley Ltd');
INSERT INTO ingredient_batch (id, ingredient_id, delivery_date, expiration_date, amount, supplier) VALUES (146, 1022, '2024-08-02', '2024-04-17', 71, 'Avila-Acosta');
INSERT INTO delivery (id, customer_id, recipe_id, ingredient_batch_id, delivery_date) VALUES (1, 71, 50, 4, '2024-07-10');
INSERT INTO delivery (id, customer_id, recipe_id, ingredient_batch_id, delivery_date) VALUES (2, 48, 50, 144, '2024-02-15');
INSERT INTO delivery (id, customer_id, recipe_id, ingredient_batch_id, delivery_date) VALUES (3, 32, 50, 88, '2024-09-03');
INSERT INTO delivery (id, customer_id, recipe_id, ingredient_batch_id, delivery_date) VALUES (4, 89, 50, 28, '2024-05-06');
INSERT INTO delivery (id, customer_id, recipe_id, ingredient_batch_id, delivery_date) VALUES (5, 39, 50, 18, '2024-10-04');
INSERT INTO delivery (id, customer_id, recipe_id, ingredient_batch_id, delivery_date) VALUES (6, 97, 50, 101, '2024-01-16');
INSERT INTO delivery (id, customer_id, recipe_id, ingredient_batch_id, delivery_date) VALUES (7, 58, 50, 82, '2024-07-30');
INSERT INTO delivery (id, customer_id, recipe_id, ingredient_batch_id, delivery_date) VALUES (8, 72, 50, 90, '2024-03-15');
INSERT INTO delivery (id, customer_id, recipe_id, ingredient_batch_id, delivery_date) VALUES (9, 100, 50, 134, '2024-05-08');
INSERT INTO delivery (id, customer_id, recipe_id, ingredient_batch_id, delivery_date) VALUES (10, 52, 50, 136, '2024-07-31');
INSERT INTO delivery (id, customer_id, recipe_id, ingredient_batch_id, delivery_date) VALUES (11, 4, 50, 1, '2024-03-01');
INSERT INTO delivery (id, customer_id, recipe_id, ingredient_batch_id, delivery_date) VALUES (12, 69, 50, 49, '2024-05-14');
INSERT INTO delivery (id, customer_id, recipe_id, ingredient_batch_id, delivery_date) VALUES (13, 97, 50, 122, '2024-03-28');
INSERT INTO delivery (id, customer_id, recipe_id, ingredient_batch_id, delivery_date) VALUES (14, 47, 50, 125, '2024-02-27');
INSERT INTO delivery (id, customer_id, recipe_id, ingredient_batch_id, delivery_date) VALUES (15, 88, 50, 144, '2024-07-29');
INSERT INTO delivery (id, customer_id, recipe_id, ingredient_batch_id, delivery_date) VALUES (16, 56, 50, 137, '2024-03-29');
INSERT INTO delivery (id, customer_id, recipe_id, ingredient_batch_id, delivery_date) VALUES (17, 32, 50, 121, '2024-04-07');
INSERT INTO delivery (id, customer_id, recipe_id, ingredient_batch_id, delivery_date) VALUES (18, 55, 50, 12, '2024-04-19');
INSERT INTO delivery (id, customer_id, recipe_id, ingredient_batch_id, delivery_date) VALUES (19, 88, 50, 134, '2024-03-21');
INSERT INTO delivery (id, customer_id, recipe_id, ingredient_batch_id, delivery_date) VALUES (20, 65, 50, 110, '2024-07-18');
INSERT INTO delivery (id, customer_id, recipe_id, ingredient_batch_id, delivery_date) VALUES (21, 51, 50, 21, '2024-03-04');
INSERT INTO delivery (id, customer_id, recipe_id, ingredient_batch_id, delivery_date) VALUES (22, 89, 50, 34, '2024-05-25');
INSERT INTO delivery (id, customer_id, recipe_id, ingredient_batch_id, delivery_date) VALUES (23, 22, 50, 92, '2024-04-17');
INSERT INTO delivery (id, customer_id, recipe_id, ingredient_batch_id, delivery_date) VALUES (24, 72, 50, 5, '2024-09-10');
INSERT INTO delivery (id, customer_id, recipe_id, ingredient_batch_id, delivery_date) VALUES (25, 64, 50, 72, '2024-03-17');
INSERT INTO delivery (id, customer_id, recipe_id, ingredient_batch_id, delivery_date) VALUES (26, 65, 50, 49, '2024-04-04');
INSERT INTO delivery (id, customer_id, recipe_id, ingredient_batch_id, delivery_date) VALUES (27, 17, 50, 131, '2024-03-04');
INSERT INTO delivery (id, customer_id, recipe_id, ingredient_batch_id, delivery_date) VALUES (28, 79, 50, 8, '2024-09-16');
INSERT INTO delivery (id, customer_id, recipe_id, ingredient_batch_id, delivery_date) VALUES (29, 94, 50, 136, '2024-07-03');
INSERT INTO delivery (id, customer_id, recipe_id, ingredient_batch_id, delivery_date) VALUES (30, 71, 50, 26, '2024-07-10');
INSERT INTO delivery (id, customer_id, recipe_id, ingredient_batch_id, delivery_date) VALUES (31, 71, 50, 15, '2024-06-01');
INSERT INTO delivery (id, customer_id, recipe_id, ingredient_batch_id, delivery_date) VALUES (32, 14, 50, 3, '2024-04-19');
INSERT INTO delivery (id, customer_id, recipe_id, ingredient_batch_id, delivery_date) VALUES (33, 78, 50, 91, '2024-08-26');
INSERT INTO delivery (id, customer_id, recipe_id, ingredient_batch_id, delivery_date) VALUES (34, 28, 50, 5, '2024-03-16');
INSERT INTO delivery (id, customer_id, recipe_id, ingredient_batch_id, delivery_date) VALUES (35, 37, 50, 93, '2024-04-26');
INSERT INTO delivery (id, customer_id, recipe_id, ingredient_batch_id, delivery_date) VALUES (36, 38, 50, 72, '2024-02-02');
INSERT INTO delivery (id, customer_id, recipe_id, ingredient_batch_id, delivery_date) VALUES (37, 14, 50, 6, '2024-06-18');
INSERT INTO delivery (id, customer_id, recipe_id, ingredient_batch_id, delivery_date) VALUES (38, 79, 50, 137, '2024-09-19');
INSERT INTO delivery (id, customer_id, recipe_id, ingredient_batch_id, delivery_date) VALUES (39, 72, 50, 133, '2024-01-16');
INSERT INTO delivery (id, customer_id, recipe_id, ingredient_batch_id, delivery_date) VALUES (40, 17, 50, 80, '2024-09-04');
INSERT INTO delivery (id, customer_id, recipe_id, ingredient_batch_id, delivery_date) VALUES (41, 3, 50, 139, '2024-05-15');
INSERT INTO delivery (id, customer_id, recipe_id, ingredient_batch_id, delivery_date) VALUES (42, 91, 50, 92, '2024-10-03');
INSERT INTO delivery (id, customer_id, recipe_id, ingredient_batch_id, delivery_date) VALUES (43, 76, 50, 126, '2024-08-22');
INSERT INTO delivery (id, customer_id, recipe_id, ingredient_batch_id, delivery_date) VALUES (44, 6, 50, 13, '2024-08-08');
INSERT INTO delivery (id, customer_id, recipe_id, ingredient_batch_id, delivery_date) VALUES (45, 17, 50, 134, '2024-04-07');
INSERT INTO delivery (id, customer_id, recipe_id, ingredient_batch_id, delivery_date) VALUES (46, 6, 50, 55, '2024-06-06');
INSERT INTO delivery (id, customer_id, recipe_id, ingredient_batch_id, delivery_date) VALUES (47, 63, 50, 71, '2024-01-08');
INSERT INTO delivery (id, customer_id, recipe_id, ingredient_batch_id, delivery_date) VALUES (48, 8, 50, 29, '2024-02-07');
INSERT INTO delivery (id, customer_id, recipe_id, ingredient_batch_id, delivery_date) VALUES (49, 41, 50, 144, '2024-04-30');
INSERT INTO delivery (id, customer_id, recipe_id, ingredient_batch_id, delivery_date) VALUES (50, 79, 50, 114, '2024-02-02');
INSERT INTO delivery (id, customer_id, recipe_id, ingredient_batch_id, delivery_date) VALUES (51, 36, 50, 136, '2024-08-14');
INSERT INTO delivery (id, customer_id, recipe_id, ingredient_batch_id, delivery_date) VALUES (52, 52, 50, 5, '2024-03-06');
INSERT INTO delivery (id, customer_id, recipe_id, ingredient_batch_id, delivery_date) VALUES (53, 52, 50, 19, '2024-04-29');
INSERT INTO delivery (id, customer_id, recipe_id, ingredient_batch_id, delivery_date) VALUES (54, 76, 50, 145, '2024-02-26');
INSERT INTO delivery (id, customer_id, recipe_id, ingredient_batch_id, delivery_date) VALUES (55, 12, 50, 92, '2024-04-22');
INSERT INTO delivery (id, customer_id, recipe_id, ingredient_batch_id, delivery_date) VALUES (56, 97, 50, 113, '2024-03-19');
INSERT INTO delivery (id, customer_id, recipe_id, ingredient_batch_id, delivery_date) VALUES (57, 59, 50, 146, '2024-03-10');
INSERT INTO delivery (id, customer_id, recipe_id, ingredient_batch_id, delivery_date) VALUES (58, 27, 50, 81, '2024-02-16');
INSERT INTO delivery (id, customer_id, recipe_id, ingredient_batch_id, delivery_date) VALUES (59, 33, 50, 138, '2024-02-06');
INSERT INTO delivery (id, customer_id, recipe_id, ingredient_batch_id, delivery_date) VALUES (60, 58, 50, 82, '2024-02-18');
INSERT INTO delivery (id, customer_id, recipe_id, ingredient_batch_id, delivery_date) VALUES (61, 85, 50, 53, '2024-05-16');
INSERT INTO delivery (id, customer_id, recipe_id, ingredient_batch_id, delivery_date) VALUES (62, 38, 50, 96, '2024-03-07');
INSERT INTO delivery (id, customer_id, recipe_id, ingredient_batch_id, delivery_date) VALUES (63, 1, 50, 86, '2024-09-06');
INSERT INTO delivery (id, customer_id, recipe_id, ingredient_batch_id, delivery_date) VALUES (64, 13, 50, 90, '2024-08-01');
INSERT INTO delivery (id, customer_id, recipe_id, ingredient_batch_id, delivery_date) VALUES (65, 53, 50, 12, '2024-03-18');
INSERT INTO delivery (id, customer_id, recipe_id, ingredient_batch_id, delivery_date) VALUES (66, 64, 50, 116, '2024-08-20');
INSERT INTO delivery (id, customer_id, recipe_id, ingredient_batch_id, delivery_date) VALUES (67, 22, 50, 124, '2024-06-16');
INSERT INTO delivery (id, customer_id, recipe_id, ingredient_batch_id, delivery_date) VALUES (68, 84, 50, 100, '2024-05-14');
INSERT INTO delivery (id, customer_id, recipe_id, ingredient_batch_id, delivery_date) VALUES (69, 14, 50, 8, '2024-03-24');
INSERT INTO delivery (id, customer_id, recipe_id, ingredient_batch_id, delivery_date) VALUES (70, 38, 50, 115, '2024-05-25');
INSERT INTO delivery (id, customer_id, recipe_id, ingredient_batch_id, delivery_date) VALUES (71, 61, 50, 141, '2024-07-03');
INSERT INTO delivery (id, customer_id, recipe_id, ingredient_batch_id, delivery_date) VALUES (72, 17, 50, 18, '2024-02-27');
INSERT INTO delivery (id, customer_id, recipe_id, ingredient_batch_id, delivery_date) VALUES (73, 10, 50, 130, '2024-02-01');
INSERT INTO delivery (id, customer_id, recipe_id, ingredient_batch_id, delivery_date) VALUES (74, 94, 50, 20, '2024-02-16');
INSERT INTO delivery (id, customer_id, recipe_id, ingredient_batch_id, delivery_date) VALUES (75, 37, 50, 40, '2024-01-10');
INSERT INTO delivery (id, customer_id, recipe_id, ingredient_batch_id, delivery_date) VALUES (76, 25, 50, 4, '2024-01-22');
INSERT INTO delivery (id, customer_id, recipe_id, ingredient_batch_id, delivery_date) VALUES (77, 36, 50, 130, '2024-06-03');
INSERT INTO delivery (id, customer_id, recipe_id, ingredient_batch_id, delivery_date) VALUES (78, 78, 50, 10, '2024-06-22');
INSERT INTO delivery (id, customer_id, recipe_id, ingredient_batch_id, delivery_date) VALUES (79, 3, 50, 136, '2024-05-26');
INSERT INTO delivery (id, customer_id, recipe_id, ingredient_batch_id, delivery_date) VALUES (80, 20, 50, 1, '2024-08-04');
INSERT INTO delivery (id, customer_id, recipe_id, ingredient_batch_id, delivery_date) VALUES (81, 37, 50, 49, '2024-02-16');
INSERT INTO delivery (id, customer_id, recipe_id, ingredient_batch_id, delivery_date) VALUES (82, 88, 50, 136, '2024-01-20');
INSERT INTO delivery (id, customer_id, recipe_id, ingredient_batch_id, delivery_date) VALUES (83, 94, 50, 137, '2024-03-27');
INSERT INTO delivery (id, customer_id, recipe_id, ingredient_batch_id, delivery_date) VALUES (84, 93, 50, 30, '2024-01-02');
INSERT INTO delivery (id, customer_id, recipe_id, ingredient_batch_id, delivery_date) VALUES (85, 86, 50, 116, '2024-06-12');
INSERT INTO delivery (id, customer_id, recipe_id, ingredient_batch_id, delivery_date) VALUES (86, 52, 50, 20, '2024-01-08');
INSERT INTO delivery (id, customer_id, recipe_id, ingredient_batch_id, delivery_date) VALUES (87, 66, 50, 94, '2024-01-26');
INSERT INTO delivery (id, customer_id, recipe_id, ingredient_batch_id, delivery_date) VALUES (88, 35, 50, 145, '2024-07-23');
INSERT INTO delivery (id, customer_id, recipe_id, ingredient_batch_id, delivery_date) VALUES (89, 49, 50, 70, '2024-10-06');
INSERT INTO delivery (id, customer_id, recipe_id, ingredient_batch_id, delivery_date) VALUES (90, 99, 50, 29, '2024-03-01');
INSERT INTO delivery (id, customer_id, recipe_id, ingredient_batch_id, delivery_date) VALUES (91, 50, 50, 30, '2024-09-10');
INSERT INTO delivery (id, customer_id, recipe_id, ingredient_batch_id, delivery_date) VALUES (92, 72, 50, 117, '2024-01-28');
INSERT INTO delivery (id, customer_id, recipe_id, ingredient_batch_id, delivery_date) VALUES (93, 20, 50, 92, '2024-01-19');
INSERT INTO delivery (id, customer_id, recipe_id, ingredient_batch_id, delivery_date) VALUES (94, 57, 50, 47, '2024-06-23');
INSERT INTO delivery (id, customer_id, recipe_id, ingredient_batch_id, delivery_date) VALUES (95, 81, 50, 112, '2024-02-12');
INSERT INTO delivery (id, customer_id, recipe_id, ingredient_batch_id, delivery_date) VALUES (96, 53, 50, 138, '2024-04-17');
INSERT INTO delivery (id, customer_id, recipe_id, ingredient_batch_id, delivery_date) VALUES (97, 51, 50, 26, '2024-09-17');
INSERT INTO delivery (id, customer_id, recipe_id, ingredient_batch_id, delivery_date) VALUES (98, 70, 50, 145, '2024-01-26');
INSERT INTO delivery (id, customer_id, recipe_id, ingredient_batch_id, delivery_date) VALUES (99, 11, 50, 134, '2024-02-15');
INSERT INTO delivery (id, customer_id, recipe_id, ingredient_batch_id, delivery_date) VALUES (100, 65, 50, 82, '2024-07-18');
INSERT INTO delivery (id, customer_id, recipe_id, ingredient_batch_id, delivery_date) VALUES (101, 13, 50, 121, '2024-02-17');
INSERT INTO delivery (id, customer_id, recipe_id, ingredient_batch_id, delivery_date) VALUES (102, 7, 50, 12, '2024-06-02');
INSERT INTO delivery (id, customer_id, recipe_id, ingredient_batch_id, delivery_date) VALUES (103, 12, 50, 30, '2024-03-26');
INSERT INTO delivery (id, customer_id, recipe_id, ingredient_batch_id, delivery_date) VALUES (104, 85, 50, 132, '2024-06-25');
INSERT INTO delivery (id, customer_id, recipe_id, ingredient_batch_id, delivery_date) VALUES (105, 89, 50, 84, '2024-09-17');
INSERT INTO delivery (id, customer_id, recipe_id, ingredient_batch_id, delivery_date) VALUES (106, 16, 50, 8, '2024-08-24');
INSERT INTO delivery (id, customer_id, recipe_id, ingredient_batch_id, delivery_date) VALUES (107, 9, 50, 1, '2024-04-17');
INSERT INTO delivery (id, customer_id, recipe_id, ingredient_batch_id, delivery_date) VALUES (108, 56, 50, 100, '2024-08-18');
INSERT INTO delivery (id, customer_id, recipe_id, ingredient_batch_id, delivery_date) VALUES (109, 16, 50, 21, '2024-05-30');
INSERT INTO delivery (id, customer_id, recipe_id, ingredient_batch_id, delivery_date) VALUES (110, 18, 50, 113, '2024-05-28');
INSERT INTO delivery (id, customer_id, recipe_id, ingredient_batch_id, delivery_date) VALUES (111, 6, 50, 139, '2024-02-09');
INSERT INTO delivery (id, customer_id, recipe_id, ingredient_batch_id, delivery_date) VALUES (112, 99, 50, 3, '2024-03-17');
INSERT INTO delivery (id, customer_id, recipe_id, ingredient_batch_id, delivery_date) VALUES (113, 5, 50, 114, '2024-07-27');
INSERT INTO delivery (id, customer_id, recipe_id, ingredient_batch_id, delivery_date) VALUES (114, 83, 50, 11, '2024-04-21');
INSERT INTO delivery (id, customer_id, recipe_id, ingredient_batch_id, delivery_date) VALUES (115, 39, 50, 49, '2024-07-17');
INSERT INTO delivery (id, customer_id, recipe_id, ingredient_batch_id, delivery_date) VALUES (116, 75, 50, 136, '2024-04-06');
INSERT INTO delivery (id, customer_id, recipe_id, ingredient_batch_id, delivery_date) VALUES (117, 29, 50, 3, '2024-07-20');
INSERT INTO delivery (id, customer_id, recipe_id, ingredient_batch_id, delivery_date) VALUES (118, 60, 50, 101, '2024-04-06');
INSERT INTO delivery (id, customer_id, recipe_id, ingredient_batch_id, delivery_date) VALUES (119, 15, 50, 4, '2024-09-29');
INSERT INTO delivery (id, customer_id, recipe_id, ingredient_batch_id, delivery_date) VALUES (120, 37, 50, 80, '2024-07-01');
INSERT INTO delivery (id, customer_id, recipe_id, ingredient_batch_id, delivery_date) VALUES (121, 78, 50, 54, '2024-07-30');
INSERT INTO delivery (id, customer_id, recipe_id, ingredient_batch_id, delivery_date) VALUES (122, 80, 50, 46, '2024-06-14');
INSERT INTO delivery (id, customer_id, recipe_id, ingredient_batch_id, delivery_date) VALUES (123, 97, 50, 1, '2024-01-24');
INSERT INTO delivery (id, customer_id, recipe_id, ingredient_batch_id, delivery_date) VALUES (124, 12, 50, 130, '2024-09-01');
INSERT INTO delivery (id, customer_id, recipe_id, ingredient_batch_id, delivery_date) VALUES (125, 81, 50, 68, '2024-04-05');
INSERT INTO delivery (id, customer_id, recipe_id, ingredient_batch_id, delivery_date) VALUES (126, 33, 50, 73, '2024-04-09');
INSERT INTO delivery (id, customer_id, recipe_id, ingredient_batch_id, delivery_date) VALUES (127, 26, 50, 81, '2024-09-16');
INSERT INTO delivery (id, customer_id, recipe_id, ingredient_batch_id, delivery_date) VALUES (128, 83, 50, 6, '2024-03-30');
INSERT INTO delivery (id, customer_id, recipe_id, ingredient_batch_id, delivery_date) VALUES (129, 80, 50, 93, '2024-06-07');
INSERT INTO delivery (id, customer_id, recipe_id, ingredient_batch_id, delivery_date) VALUES (130, 62, 50, 90, '2024-04-14');
INSERT INTO delivery (id, customer_id, recipe_id, ingredient_batch_id, delivery_date) VALUES (131, 82, 50, 17, '2024-04-22');
INSERT INTO delivery (id, customer_id, recipe_id, ingredient_batch_id, delivery_date) VALUES (132, 73, 50, 142, '2024-04-24');
INSERT INTO delivery (id, customer_id, recipe_id, ingredient_batch_id, delivery_date) VALUES (133, 90, 50, 68, '2024-06-20');
INSERT INTO delivery (id, customer_id, recipe_id, ingredient_batch_id, delivery_date) VALUES (134, 22, 50, 3, '2024-05-14');
INSERT INTO delivery (id, customer_id, recipe_id, ingredient_batch_id, delivery_date) VALUES (135, 82, 50, 39, '2024-07-21');
INSERT INTO delivery (id, customer_id, recipe_id, ingredient_batch_id, delivery_date) VALUES (136, 87, 50, 92, '2024-07-23');
INSERT INTO delivery (id, customer_id, recipe_id, ingredient_batch_id, delivery_date) VALUES (137, 49, 50, 97, '2024-07-18');
INSERT INTO delivery (id, customer_id, recipe_id, ingredient_batch_id, delivery_date) VALUES (138, 42, 50, 130, '2024-10-04');
INSERT INTO delivery (id, customer_id, recipe_id, ingredient_batch_id, delivery_date) VALUES (139, 75, 50, 128, '2024-06-23');
INSERT INTO delivery (id, customer_id, recipe_id, ingredient_batch_id, delivery_date) VALUES (140, 78, 50, 82, '2024-03-30');
INSERT INTO delivery (id, customer_id, recipe_id, ingredient_batch_id, delivery_date) VALUES (141, 25, 50, 86, '2024-08-04');
INSERT INTO delivery (id, customer_id, recipe_id, ingredient_batch_id, delivery_date) VALUES (142, 58, 50, 14, '2024-01-12');
INSERT INTO delivery (id, customer_id, recipe_id, ingredient_batch_id, delivery_date) VALUES (143, 94, 50, 111, '2024-03-25');
INSERT INTO delivery (id, customer_id, recipe_id, ingredient_batch_id, delivery_date) VALUES (144, 33, 50, 91, '2024-09-05');
INSERT INTO delivery (id, customer_id, recipe_id, ingredient_batch_id, delivery_date) VALUES (145, 90, 50, 84, '2024-02-17');
INSERT INTO delivery (id, customer_id, recipe_id, ingredient_batch_id, delivery_date) VALUES (146, 31, 50, 127, '2024-03-06');
INSERT INTO delivery (id, customer_id, recipe_id, ingredient_batch_id, delivery_date) VALUES (147, 100, 50, 53, '2024-06-13');
INSERT INTO delivery (id, customer_id, recipe_id, ingredient_batch_id, delivery_date) VALUES (148, 29, 50, 116, '2024-05-24');
INSERT INTO delivery (id, customer_id, recipe_id, ingredient_batch_id, delivery_date) VALUES (149, 11, 50, 5, '2024-03-19');
INSERT INTO delivery (id, customer_id, recipe_id, ingredient_batch_id, delivery_date) VALUES (150, 22, 50, 127, '2024-02-24');
INSERT INTO delivery (id, customer_id, recipe_id, ingredient_batch_id, delivery_date) VALUES (151, 31, 50, 3, '2024-01-08');
INSERT INTO delivery (id, customer_id, recipe_id, ingredient_batch_id, delivery_date) VALUES (152, 80, 50, 21, '2024-05-12');
INSERT INTO delivery (id, customer_id, recipe_id, ingredient_batch_id, delivery_date) VALUES (153, 9, 50, 125, '2024-04-24');
INSERT INTO delivery (id, customer_id, recipe_id, ingredient_batch_id, delivery_date) VALUES (154, 90, 50, 40, '2024-01-07');
INSERT INTO delivery (id, customer_id, recipe_id, ingredient_batch_id, delivery_date) VALUES (155, 79, 50, 85, '2024-08-15');
INSERT INTO delivery (id, customer_id, recipe_id, ingredient_batch_id, delivery_date) VALUES (156, 98, 50, 114, '2024-09-23');
INSERT INTO delivery (id, customer_id, recipe_id, ingredient_batch_id, delivery_date) VALUES (157, 42, 50, 113, '2024-05-05');
INSERT INTO delivery (id, customer_id, recipe_id, ingredient_batch_id, delivery_date) VALUES (158, 18, 50, 84, '2024-07-26');
INSERT INTO delivery (id, customer_id, recipe_id, ingredient_batch_id, delivery_date) VALUES (159, 87, 50, 101, '2024-02-04');
INSERT INTO delivery (id, customer_id, recipe_id, ingredient_batch_id, delivery_date) VALUES (160, 85, 50, 112, '2024-03-09');
INSERT INTO delivery (id, customer_id, recipe_id, ingredient_batch_id, delivery_date) VALUES (161, 25, 50, 3, '2024-05-08');
INSERT INTO delivery (id, customer_id, recipe_id, ingredient_batch_id, delivery_date) VALUES (162, 74, 50, 73, '2024-09-26');
INSERT INTO delivery (id, customer_id, recipe_id, ingredient_batch_id, delivery_date) VALUES (163, 13, 50, 146, '2024-06-24');
INSERT INTO delivery (id, customer_id, recipe_id, ingredient_batch_id, delivery_date) VALUES (164, 33, 50, 25, '2024-09-26');
INSERT INTO delivery (id, customer_id, recipe_id, ingredient_batch_id, delivery_date) VALUES (165, 48, 50, 23, '2024-06-02');
INSERT INTO delivery (id, customer_id, recipe_id, ingredient_batch_id, delivery_date) VALUES (166, 95, 50, 113, '2024-04-27');
INSERT INTO delivery (id, customer_id, recipe_id, ingredient_batch_id, delivery_date) VALUES (167, 62, 50, 124, '2024-03-05');
INSERT INTO delivery (id, customer_id, recipe_id, ingredient_batch_id, delivery_date) VALUES (168, 92, 50, 9, '2024-01-28');
INSERT INTO delivery (id, customer_id, recipe_id, ingredient_batch_id, delivery_date) VALUES (169, 6, 50, 14, '2024-08-21');
INSERT INTO delivery (id, customer_id, recipe_id, ingredient_batch_id, delivery_date) VALUES (170, 88, 50, 80, '2024-06-26');
INSERT INTO delivery (id, customer_id, recipe_id, ingredient_batch_id, delivery_date) VALUES (171, 70, 50, 5, '2024-01-02');
INSERT INTO delivery (id, customer_id, recipe_id, ingredient_batch_id, delivery_date) VALUES (172, 49, 50, 22, '2024-02-04');
INSERT INTO delivery (id, customer_id, recipe_id, ingredient_batch_id, delivery_date) VALUES (173, 83, 50, 1, '2024-05-18');
INSERT INTO delivery (id, customer_id, recipe_id, ingredient_batch_id, delivery_date) VALUES (174, 99, 50, 8, '2024-08-17');
INSERT INTO delivery (id, customer_id, recipe_id, ingredient_batch_id, delivery_date) VALUES (175, 58, 50, 31, '2024-02-21');
INSERT INTO delivery (id, customer_id, recipe_id, ingredient_batch_id, delivery_date) VALUES (176, 74, 50, 6, '2024-05-08');
INSERT INTO delivery (id, customer_id, recipe_id, ingredient_batch_id, delivery_date) VALUES (177, 92, 50, 93, '2024-05-23');
INSERT INTO delivery (id, customer_id, recipe_id, ingredient_batch_id, delivery_date) VALUES (178, 78, 50, 55, '2024-09-26');
INSERT INTO delivery (id, customer_id, recipe_id, ingredient_batch_id, delivery_date) VALUES (179, 47, 50, 80, '2024-02-22');
INSERT INTO delivery (id, customer_id, recipe_id, ingredient_batch_id, delivery_date) VALUES (180, 46, 50, 93, '2024-08-11');
INSERT INTO delivery (id, customer_id, recipe_id, ingredient_batch_id, delivery_date) VALUES (181, 36, 50, 5, '2024-07-07');
INSERT INTO delivery (id, customer_id, recipe_id, ingredient_batch_id, delivery_date) VALUES (182, 92, 50, 116, '2024-08-19');
INSERT INTO delivery (id, customer_id, recipe_id, ingredient_batch_id, delivery_date) VALUES (183, 54, 50, 101, '2024-04-08');
INSERT INTO delivery (id, customer_id, recipe_id, ingredient_batch_id, delivery_date) VALUES (184, 95, 50, 46, '2024-02-17');
INSERT INTO delivery (id, customer_id, recipe_id, ingredient_batch_id, delivery_date) VALUES (185, 77, 50, 6, '2024-01-02');
INSERT INTO delivery (id, customer_id, recipe_id, ingredient_batch_id, delivery_date) VALUES (186, 30, 50, 28, '2024-08-06');
INSERT INTO delivery (id, customer_id, recipe_id, ingredient_batch_id, delivery_date) VALUES (187, 55, 50, 136, '2024-04-22');
INSERT INTO delivery (id, customer_id, recipe_id, ingredient_batch_id, delivery_date) VALUES (188, 45, 50, 133, '2024-01-24');
INSERT INTO delivery (id, customer_id, recipe_id, ingredient_batch_id, delivery_date) VALUES (189, 90, 50, 57, '2024-09-25');
INSERT INTO delivery (id, customer_id, recipe_id, ingredient_batch_id, delivery_date) VALUES (190, 90, 50, 101, '2024-08-05');
INSERT INTO delivery (id, customer_id, recipe_id, ingredient_batch_id, delivery_date) VALUES (191, 11, 50, 17, '2024-02-08');
INSERT INTO delivery (id, customer_id, recipe_id, ingredient_batch_id, delivery_date) VALUES (192, 39, 50, 145, '2024-08-20');
INSERT INTO delivery (id, customer_id, recipe_id, ingredient_batch_id, delivery_date) VALUES (193, 42, 50, 135, '2024-01-22');
INSERT INTO delivery (id, customer_id, recipe_id, ingredient_batch_id, delivery_date) VALUES (194, 6, 50, 125, '2024-07-30');
INSERT INTO delivery (id, customer_id, recipe_id, ingredient_batch_id, delivery_date) VALUES (195, 73, 50, 137, '2024-02-08');
INSERT INTO delivery (id, customer_id, recipe_id, ingredient_batch_id, delivery_date) VALUES (196, 64, 50, 71, '2024-05-31');
INSERT INTO delivery (id, customer_id, recipe_id, ingredient_batch_id, delivery_date) VALUES (197, 22, 50, 72, '2024-03-02');
INSERT INTO delivery (id, customer_id, recipe_id, ingredient_batch_id, delivery_date) VALUES (198, 49, 50, 12, '2024-07-09');
INSERT INTO delivery (id, customer_id, recipe_id, ingredient_batch_id, delivery_date) VALUES (199, 47, 50, 124, '2024-05-14');
INSERT INTO delivery (id, customer_id, recipe_id, ingredient_batch_id, delivery_date) VALUES (200, 95, 50, 142, '2024-08-06');
